,Geography,lon,lat,his_num_311_per_property,neighbor_his_num_per_property,snow_depth,percent_below_poverty,percent_civilian_unemployed,per_capita_income,percent_no_highschool,percent_65older,percent_17younger,percent_household_disability,percent_single_parent_household,percent_minority,percent_notwell_english,percent_singleunits,percent_multiunit,percent_mobile_homes,percent_owneroccupiedunit,percent_crowding,percent_group_quarters,median_year_properties_built,median_value_properties_built,percent_no_vehicle,311_index_per_property,distance
0,360290001101,1082646.13035,1033332.95192,26.51162790697674,30.28985362205003,150.88761242733963,0.147147147,0.025062657,24233,0.113924051,0.225373134,0.125373134,0.496621622,0.1625,0.343283582,0.0,0.503125,0.0,0.0,0.804054054,0.0,0.007462687,1926.0,84000.0,0.0,10.69767441860465,29008.316764353487
1,360290001102,1082658.53208,1035794.05722,22.717149220489976,31.524310364768485,144.95174252860176,0.114961961,0.121621622,20756,0.053811659,0.163989856,0.38715131,0.384792627,0.956228956,0.335587489,0.0,0.797546012,0.0,0.0,0.702764977,0.069124424,0.0,1930.0,84000.0,0.225806452,6.45879732739421,26835.811078618557
2,360290001103,1077492.31163,1036704.66481,46.31147540983606,32.05469520577678,138.3112446844191,0.12890625,0.035519126,21980,0.136915078,0.180989583,0.21875,0.221864952,0.833333333,0.177083333,0.0,0.664251208,0.0,0.0,0.540192926,0.0,0.0,1910.0,63000.0,0.07073955,11.065573770491802,25913.92294247932
3,360290002001,1082869.53642,1041361.98036,42.96296296296296,37.6722786809748,141.7641649121559,0.153184165,0.194508009,19691,0.190551181,0.055938038,0.453528399,0.126649077,0.604696673,0.378657487,0.005988024,0.146788991,0.0,0.0,0.356200528,0.042216359,0.005163511,1920.0,76000.0,0.155672823,7.777777777777778,22437.78844131492
4,360290002002,1082899.54649,1038932.07388,28.08219178082192,35.04335890619251,142.99606156271764,0.27184466,0.108823529,22876,0.019157088,0.208737864,0.03236246,0.301948052,0.5,0.419093851,0.088815789,0.320754717,0.0,0.029649596,0.314935065,0.0,0.0,1910.0,77000.0,0.324675325,11.986301369863012,24280.05741053975
5,360290002003,1082745.45723,1037538.34784,21.26168224299065,32.35211950486874,142.2366969537409,0.099607843,0.009950249,34223,0.040899796,0.120784314,0.105098039,0.161993769,0.104651163,0.285490196,0.0,0.570815451,0.091559371,0.0,0.520249221,0.0,0.010196078,1925.0,78000.0,0.200934579,5.841121495327103,25379.53109245652
6,360290002004,1082210.01818,1039865.81208,29.518072289156628,39.11887671787365,142.071,0.10757315,0.029508197,23291,0.217948718,0.100688468,0.2616179,0.340425532,0.605263158,0.342512909,0.0,0.516129032,0.0,0.090725806,0.376595745,0.0,0.0,1925.0,68000.0,0.229787234,9.036144578313252,23455.43973197788
7,360290005001,1071551.66772,1043742.88523,41.53005464480874,48.781112130371966,122.6788370699349,0.353383459,0.062370062,23758,0.110977081,0.144461078,0.34505988,0.328031809,0.691111111,0.379491018,0.019182652,0.530081301,0.0,0.0,0.727634195,0.0,0.0,1900.0,44000.0,0.24055666,11.202185792349727,21341.073974430587
8,360290005002,1073277.88492,1044607.90336,39.36507936507937,75.31048186785891,123.561584447296,0.463448276,0.060240964,25611,0.160849772,0.191724138,0.060689655,0.487571702,0.842105263,0.042758621,0.008344924,0.287215412,0.189141856,0.0,0.281070746,0.0,0.0,1900.0,40000.0,0.479923518,5.079365079365079,20263.545364745307
9,360290006001,1084931.27159,1035508.69097,34.049586776859506,27.117969061498684,149.67400912986932,0.020886616,0.049075391,35329,0.011065812,0.124467178,0.229752771,0.167883212,0.531007752,0.283034953,0.0,0.546086957,0.0,0.013913043,0.801876955,0.0,0.0,1925.0,111000.0,0.033368092,10.413223140495868,27480.426217585737
11,360290006003,1085331.40822,1033383.86732,23.832923832923832,23.645008129408613,150.3216595901048,0.190130624,0.044117647,55035,0.0,0.233671988,0.088534107,0.0,0.0,0.0,0.0,0.880299252,0.0,0.0,0.922693267,0.024937656,0.0,1935.0,121000.0,0.117206983,4.914004914004914,29428.77797415088
12,360290006004,1085281.65876,1032440.62598,36.89320388349515,21.19498995278916,151.78748127532242,0.021008403,0.098591549,41930,0.120980092,0.338440111,0.08913649,0.26645768,1.0,0.034818942,0.0,0.692789969,0.0,0.0,0.887147335,0.0,0.005571031,1933.0,113000.0,0.065830721,5.501618122977346,30270.267677075848
13,360290007001,1088765.00959,1034990.21409,30.15075376884422,32.52825480039858,156.99458401858357,0.010221465,0.050209205,57467,0.017948718,0.260647359,0.31516184,0.125,0.254054054,0.115843271,0.0,0.832116788,0.0,0.0,0.912878788,0.0,0.0,1925.0,154000.0,0.0,8.040201005025125,29132.840050046067
14,360290007002,1089083.85812,1033866.63567,27.692307692307693,24.22002445551437,157.464,0.0,0.027322404,36523,0.0,0.158075601,0.265750286,0.124183007,0.125925926,0.111111111,0.0,0.843137255,0.0,0.0,0.928104575,0.0,0.0,1928.0,140000.0,0.019607843,3.076923076923077,30202.319111924637
17,360290007005,1087246.06773,1035056.55976,29.959514170040485,26.52756832346396,154.1109641940978,0.031887755,0.0,47948,0.015280136,0.230867347,0.169642857,0.174698795,0.135338346,0.035714286,0.0,0.68907563,0.0,0.0,0.88253012,0.0,0.011479592,1930.0,146000.0,0.090361446,4.048582995951417,28517.077487605533
20,360290008003,1086091.84391,1037697.9843,31.0,35.53628297000514,153.00945566257653,0.169237962,0.072131148,31125,0.068711656,0.124357176,0.205236092,0.215946844,0.246153846,0.203833567,0.0,0.601075269,0.011827957,0.0,0.695459579,0.0,0.032725573,1920.0,114000.0,0.03654485,4.4,25989.86827635385
21,360290008004,1087441.51435,1036181.77369,36.09756097560975,31.835111761093344,155.10797658889155,0.066549912,0.0,51605,0.03286385,0.129597198,0.210157618,0.032258065,0.0,0.04028021,0.0,0.5,0.048387097,0.0,0.758064516,0.0,0.0,1925.0,146000.0,0.0,8.292682926829269,27653.144828506844
22,360290009001,1084718.24226,1040935.37893,27.61904761904762,41.45982604256574,146.73787379352694,0.041067762,0.0,36338,0.014457831,0.316221766,0.147843943,0.477876106,0.152777778,0.006160164,0.0,0.411149826,0.0,0.0,0.646017699,0.0,0.0,1950.0,114000.0,0.044247788,7.6190476190476195,23150.97443529582
23,360290009002,1085917.63106,1039903.90974,41.10671936758894,33.973489630435544,149.8846641835509,0.102189781,0.051886792,30019,0.023752969,0.195255474,0.217153285,0.401486989,0.294117647,0.217153285,0.0,0.517142857,0.0,0.0,0.687732342,0.0,0.0,1925.0,132500.0,0.037174721,9.881422924901186,24249.531917106568
24,360290009003,1086686.48534,1038895.68938,35.0,36.15678524374177,152.43666613968745,0.092369478,0.059096176,40839,0.039735099,0.126907631,0.082730924,0.162751678,0.737864078,0.155823293,0.000845309,0.40397351,0.069536424,0.0,0.583892617,0.0,0.004016064,1925.0,116000.0,0.093959732,9.583333333333334,25257.319850951448
26,360290010002,1089045.91751,1040033.27276,43.6842105263158,33.31921090628628,153.214,0.420600858,0.0,18035,0.149377593,0.226037196,0.310443491,0.65625,0.285714286,0.618025751,0.02349486,0.3203125,0.0,0.0,0.3359375,0.0,0.0,1908.0,81000.0,0.0,13.157894736842104,25390.635014813277
27,360290010003,1089018.0182,1037119.82219,36.36363636363637,35.48098812972158,154.39605391696892,0.213375796,0.062622309,33456,0.121538462,0.167550371,0.16330859,0.323353293,0.444444444,0.130434783,0.023758099,0.571052632,0.105263158,0.0,0.721556886,0.0,0.073170732,1910.0,76000.0,0.119760479,5.741626794258373,27533.21453583568
28,360290010004,1086613.13256,1040774.62029,38.69565217391304,35.873144436083216,151.14395157691368,0.486966825,0.194174757,17322,0.0,0.1492891,0.252369668,0.142857143,0.408163265,0.340047393,0.0,0.213414634,0.0,0.0,0.283410138,0.108294931,0.0,1920.0,79000.0,0.290322581,9.565217391304348,23857.71359767195
29,360290010005,1088684.52911,1041366.7343,29.895366218236173,38.600313952058414,149.7562520469788,0.085277247,0.018453427,33070,0.019918284,0.315609571,0.194075199,0.331162791,0.0,0.078237752,0.0,0.604651163,0.0,0.0,0.658604651,0.049302326,0.0,1920.0,71000.0,0.039069767,7.025411061285501,24305.446555417748
30,360290011001,1088032.79519,1042881.14706,40.55944055944056,39.91556901993062,144.39804099203084,0.227526663,0.044444444,26498,0.242683797,0.200200702,0.229302559,0.431155779,0.542654028,0.351731059,0.031815688,0.282026769,0.141491396,0.0,0.337688442,0.0,0.002508781,1920.0,91000.0,0.062311558,12.82051282051282,23014.849493024813
31,360290011002,1085265.61738,1041991.47481,39.69465648854962,40.19469339034556,142.26921053736476,0.091580502,0.029761905,32484,0.082191781,0.270310192,0.149187592,0.142394822,0.891089109,0.023633678,0.0,0.660377358,0.0,0.0,0.84789644,0.0,0.0,1928.0,95000.0,0.132686084,8.396946564885496,22563.932155203907
32,360290011003,1084844.53458,1043778.5243,51.13636363636363,39.76054077289309,139.91086420996896,0.341500766,0.0,24093,0.197278912,0.257274119,0.073506891,0.540669856,1.0,0.0,0.0,0.18501171,0.299765808,0.051522248,0.234449761,0.0,0.036753446,1914.0,80000.0,0.466507177,13.257575757575758,21246.36906285111
33,360290014031,1075072.70029,1049782.20117,85.24590163934425,45.79936490926433,116.4571667269538,0.309222423,0.105263158,33146,0.212981744,0.314647378,0.032549729,0.545012165,1.0,1.0,0.0,0.315668203,0.516129032,0.0,0.326034063,0.02919708,0.0,1993.0,129000.0,0.520681265,44.26229508196721,16568.434813554784
34,360290014032,1073167.45566,1050529.59358,58.71559633027523,48.95074151002972,112.45666274851992,0.362134689,0.03515625,17574,0.112804878,0.149936468,0.342439644,0.44042838,0.415254237,0.953621347,0.064888248,0.198973042,0.299101412,0.0,0.089692102,0.081659973,0.020330368,1992.5,107000.0,0.560910308,11.926605504587156,16492.311409582737
35,360290014041,1075322.99523,1050770.19472,61.53846153846154,53.43471163353193,114.1134850945826,0.73006135,0.626760563,7857,0.463687151,0.193251534,0.242331288,0.438679245,1.0,1.0,0.05204461,0.097421203,0.444126074,0.0,0.08490566,0.0,0.0,1993.0,119000.0,0.740566038,15.384615384615383,15991.070622866097
36,360290014042,1074231.23714,1051936.64192,39.02439024390244,40.80273410242887,109.52033695441555,0.339366516,0.0,13327,0.477011494,0.285067873,0.180995475,0.253424658,0.0,0.972850679,0.0,0.153374233,0.518404908,0.0,0.171232877,0.0,0.0,1989.0,131000.0,0.623287671,10.365853658536585,15544.24110796113
38,360290015002,1077256.28879,1052891.02561,36.99421965317919,36.11970016247593,112.8813275439588,0.46996997,0.286764706,18598,0.1678487,0.100600601,0.364864865,0.279693487,0.443514644,0.951951952,0.106145251,0.263888889,0.052777778,0.0,0.283524904,0.0,0.0,1910.0,25000.0,0.540229885,10.982658959537572,14857.492483974736
39,360290015003,1076754.1537,1051522.84966,36.12565445026178,46.40477173485478,112.8464084283032,0.068877551,0.078512397,37267,0.08852459,0.232142857,0.102040816,0.372972973,1.0,0.829081633,0.015584416,0.722222222,0.0,0.0,0.864864865,0.0,0.0,1910.0,37000.0,0.172972973,10.471204188481677,15503.57762578335
40,360290016011,1083002.39387,1052712.41138,61.29032258064516,50.15730982485356,120.39686205339744,0.417674908,0.129925453,14833,0.260536398,0.097317201,0.239347712,0.538221529,0.70989011,0.792740663,0.186459489,0.300995025,0.299751244,0.0,0.391575663,0.059282371,0.0,1910.0,20000.0,0.433697348,10.850439882697946,15848.450223048218
41,360290016021,1079627.09986,1052794.75284,40.21447721179624,49.75423532944828,113.72900997076708,0.341630901,0.221428571,17321,0.19047619,0.2472103,0.182832618,0.436988543,0.174603175,0.760515021,0.139273356,0.32697201,0.041984733,0.0,0.386252046,0.0,0.011158798,1900.0,22000.0,0.332242226,10.187667560321715,15068.834019285665
42,360290017001,1081330.36778,1050047.825,53.00261096605744,47.290623012854375,122.49362331990788,0.401258851,0.240589198,18611,0.149944873,0.098248286,0.233054075,0.441707718,0.281407035,0.375476009,0.067062818,0.371695179,0.129082426,0.0,0.441707718,0.034482759,0.0,1910.0,36000.0,0.341543514,14.099216710182768,16669.423912429207
43,360290017002,1079002.99184,1049649.94153,54.58715596330275,44.11377548236591,121.31358670834864,0.366300366,0.0,20474,0.304597701,0.201465201,0.22954823,0.378723404,0.265306122,0.431013431,0.046113307,0.608414239,0.0,0.0,0.612765957,0.09787234,0.006105006,1900.0,27000.0,0.187234043,7.79816513761468,16554.390755342956
44,360290019001,1086850.89676,1045155.28546,46.88172043010753,44.10842480278292,138.11237973748328,0.12289916,0.0,33697,0.16875,0.205882353,0.089285714,0.282692308,0.0,0.215336134,0.0,0.510606061,0.0,0.0,0.528846154,0.0,0.0,1910.0,70000.0,0.115384615,16.129032258064516,21101.258332519777
45,360290019002,1089602.13526,1045301.98015,33.189655172413794,48.22886763604962,143.7950662370405,0.043735225,0.06612411,32449,0.044283414,0.134751773,0.234042553,0.283540802,0.371212121,0.211583924,0.0,0.680359435,0.0,0.0,0.543568465,0.0,0.0,1945.0,101000.0,0.138312586,10.775862068965516,22325.20065710679
46,360290019003,1088254.50844,1045882.06276,44.528301886792455,46.85300730456164,141.18544793326888,0.494252874,0.0,18453,0.217687075,0.210180624,0.167487685,0.241758242,0.088235294,0.082101806,0.078333333,0.285714286,0.0,0.0,0.542124542,0.084249084,0.0,1900.0,68000.0,0.091575092,11.69811320754717,21305.43654591436
47,360290023001,1089787.92033,1052070.43441,48.65900383141762,44.92437467496077,132.0435822746407,0.209055877,0.085365854,26562,0.297752809,0.132947977,0.278420039,0.460957179,0.606498195,0.387283237,0.051102204,0.433566434,0.020979021,0.0,0.486146096,0.035264484,0.0,1910.0,62000.0,0.166246851,10.727969348659004,19253.30367091342
48,360290023002,1088710.4167,1052058.32405,45.867768595041326,49.28567429566827,131.714,0.417490494,0.204771372,17789,0.128712871,0.137642586,0.35513308,0.446300716,0.406896552,0.36730038,0.024428684,0.391498881,0.0,0.06935123,0.53699284,0.064439141,0.002281369,1910.0,59000.0,0.205250597,10.330578512396697,18613.32325449057
49,360290023003,1087268.00918,1051720.75398,41.54589371980676,49.200334308063255,129.71931591323988,0.216513761,0.16838488,28005,0.114197531,0.089500861,0.282271945,0.397379913,0.551724138,0.666092943,0.0,0.615686275,0.062745098,0.0,0.593886463,0.0,0.0,1920.0,58000.0,0.174672489,7.729468599033816,17971.541900693075
50,360290023004,1086792.02634,1052364.97729,55.44217687074829,49.1278680516652,129.68016718988642,0.484340045,0.099773243,17339,0.267993874,0.061521253,0.214765101,0.584245077,0.56875,0.544742729,0.020737327,0.409736308,0.198782961,0.0,0.422319475,0.0,0.011185682,1910.0,56000.0,0.297592998,11.224489795918368,17481.54976828019
51,360290024001,1088786.417,1053464.7906,42.04204204204204,46.10998141469108,128.5689125092417,0.046532847,0.015822785,36778,0.102372035,0.083557951,0.209344115,0.213157895,0.720670391,0.174303684,0.0,0.452054795,0.0,0.0,0.565789474,0.0,0.0,1920.0,58000.0,0.134210526,12.612612612612612,18162.97376663162
52,360290024002,1088408.02944,1054730.42009,35.984848484848484,43.71733621733622,121.47369146758832,0.331692913,0.075949367,20717,0.10373444,0.143700787,0.220472441,0.577830189,0.256830601,0.288385827,0.01572327,0.69123506,0.025896414,0.0,0.726415094,0.113207547,0.0,1920.0,54000.0,0.205188679,11.742424242424242,17559.67297443812
53,360290024003,1086986.90605,1054341.79952,57.65765765765766,51.28874222691489,121.6311991181704,0.34109817,0.061696658,21443,0.296127563,0.098169717,0.231281198,0.28959276,1.0,0.116472546,0.0,0.359477124,0.0,0.062091503,0.733031674,0.0,0.0,1915.0,58000.0,0.226244344,9.00900900900901,16890.43857481057
54,360290024004,1089760.23618,1054814.47398,33.04843304843305,42.201776619880064,123.08941534068894,0.114624506,0.236619718,21078,0.09978308,0.197628458,0.335968379,0.285714286,0.0,0.507246377,0.014005602,0.569682152,0.0,0.0,0.649068323,0.0,0.0,1920.0,55000.0,0.263975155,7.4074074074074066,18373.07219434812
55,360290024005,1084650.49223,1054386.73363,56.41025641025641,55.35990588763333,117.21913437927208,0.295536791,0.077151335,18329,0.514680484,0.06377858,0.202166065,0.378516624,0.0,0.600481348,0.057104914,0.115384615,0.0,0.0,0.57544757,0.0,0.004813478,1910.0,22000.0,0.345268542,11.858974358974358,15805.624699009491
56,360290025021,1072525.55014,1054932.66555,48.51485148514851,39.37949153910709,103.219257222738,0.554497354,0.143979058,23959,0.281869688,0.250790306,0.144362487,0.474683544,0.649635036,0.849315068,0.0,0.02056962,0.488924051,0.0,0.091772152,0.0,0.023182297,1910.0,68500.0,0.555379747,9.9009900990099,14597.436635825665
57,360290025022,1074156.45465,1053036.17233,35.294117647058826,35.81249308105226,108.67511659552892,0.104438642,0.0,53319,0.017094017,0.464751958,0.036553525,0.03539823,1.0,0.971279373,0.0,0.575,0.0,0.0,0.849557522,0.0,0.028720627,1988.0,132000.0,0.17699115,7.563025210084033,15039.543661370595
58,360290025023,1074227.28808,1054286.73837,40.99616858237548,37.33297838515018,104.54766821824524,0.431616341,0.138392857,23476,0.170316302,0.179396092,0.195381883,0.217391304,0.427272727,0.941385435,0.012320329,0.303225806,0.169892473,0.0,0.43812709,0.0,0.010657194,1986.0,118000.0,0.244147157,14.942528735632186,14503.569272742818
59,360290027031,1080298.81313,1056300.11888,65.6891495601173,44.42754627638244,109.19637163443912,0.811748999,0.035190616,8253,0.356617647,0.054521277,0.347074468,0.394265233,0.265225933,0.916888298,0.22697126,0.27753304,0.292217327,0.0,0.202508961,0.03046595,0.029255319,1900.0,23000.0,0.564516129,15.835777126099709,13931.794499572448
60,360290027041,1081679.95029,1057372.40081,48.59154929577465,55.258133280501696,105.54249687105678,0.821917808,0.351648352,4604,0.167539267,0.071232877,0.706849315,0.162601626,0.866,0.794520548,0.155597723,0.43537415,0.0,0.095238095,0.512195122,0.113821138,0.0,1900.0,25000.0,0.073170732,12.676056338028168,13987.344036851093
61,360290027042,1081904.78366,1056110.30659,54.63917525773196,53.83944481703076,110.30939195947718,0.147887324,0.116972477,19773,0.394383394,0.230633803,0.272887324,0.798342541,0.0,0.493838028,0.316231343,0.501362398,0.0,0.0,0.635359116,0.0,0.0,1900.0,21000.0,0.016574586,14.432989690721648,14351.693830150578
62,360290027043,1081421.76321,1055188.27436,47.2972972972973,55.45828115257267,110.5951449364442,0.540785498,0.0,7751,0.516666667,0.0,0.471299094,0.492537313,0.211538462,0.933534743,0.072555205,0.262711864,0.0,0.0,0.656716418,0.149253731,0.0,1900.0,17000.0,0.343283582,16.89189189189189,14501.376530867614
63,360290028011,1084033.88503,1055859.24402,50.0,57.64768829912707,113.97662426410083,0.665250637,0.190104167,11555,0.266666667,0.007588533,0.480607083,0.31147541,0.357798165,0.930016863,0.125905797,0.386308068,0.0,0.0,0.285245902,0.091803279,0.0,1910.0,22000.0,0.521311475,12.280701754385964,15118.93975490384
64,360290028012,1085963.03391,1056268.5987,65.73033707865169,51.27149527149527,116.54569871489444,0.56,0.120481928,13592,0.286219081,0.16,0.386,0.300653595,0.764705882,0.762,0.0591133,0.31496063,0.015748031,0.0,0.37254902,0.026143791,0.0,1908.5,24500.0,0.614379085,10.674157303370784,15851.635812485005
65,360290028021,1084688.53462,1057442.61856,50.16835016835017,52.00525587303884,110.42990126647224,0.359726295,0.092,17134,0.202702703,0.069158879,0.26635514,0.302816901,0.703125,0.862616822,0.101577909,0.441176471,0.034926471,0.0,0.215962441,0.035211268,0.100934579,1910.0,30000.0,0.230046948,15.488215488215488,15015.47055405308
69,360290029004,1083328.15037,1058785.88329,55.793991416309005,45.76929591014098,106.66832817096493,0.332920792,0.058035714,25772,0.036259542,0.089108911,0.254950495,0.22962963,0.568306011,0.972772277,0.012594458,0.363636364,0.0,0.025974026,0.217283951,0.0,0.0,1918.0,30000.0,0.138271605,9.012875536480689,14260.442527952073
70,360290030001,1089661.64824,1059713.18885,52.27272727272727,47.68613716115991,108.1495945148466,0.21415608,0.0,25159,0.0,0.130671506,0.303085299,0.216216216,0.741935484,0.77676951,0.035320088,0.495575221,0.0,0.0,0.548262548,0.069498069,0.0,1920.0,54000.0,0.108108108,21.96969696969697,17497.239918649047
71,360290030002,1088638.99906,1057391.51462,42.12121212121212,51.03524448941465,118.23148197851398,0.6048,0.214574899,15935,0.187122736,0.144,0.430933333,0.557911909,0.15,0.9728,0.028223575,0.453216374,0.254385965,0.0,0.409461664,0.081566069,0.0,1923.0,44000.0,0.438825449,10.606060606060606,17106.914221095398
72,360290030003,1087903.4998,1059505.30544,57.00934579439252,48.17586458054159,109.21750449623724,0.045936396,0.0,20604,0.0,0.097173145,0.439929329,0.191780822,0.16064257,0.913427562,0.164,0.093023256,0.162790698,0.0,0.45890411,0.0,0.045936396,1924.0,47000.0,0.0,11.682242990654206,16388.24535760132
73,360290031001,1076879.33339,1057053.06856,46.15384615384615,35.43452461503777,101.1882709791903,0.358251058,0.217241379,20896,0.425287356,0.163610719,0.365303244,0.4765625,0.505791506,0.909732017,0.0,0.284866469,0.0,0.0,0.33984375,0.0,0.0,1910.0,35000.0,0.40625,16.23931623931624,13417.26322782176
74,360290031002,1075157.26629,1056520.06293,33.50785340314136,40.028800507551686,101.98417505923624,0.155120482,0.0,19330,0.107216495,0.30873494,0.195783133,0.473913043,0.0,0.899096386,0.055722892,0.558064516,0.0,0.0,0.760869565,0.0,0.0,1900.0,50000.0,0.147826087,13.089005235602096,13636.466125302752
75,360290031003,1074127.51204,1057015.55338,27.63819095477387,41.198270048410464,97.48558989459464,0.040345821,0.0,45621,0.151975684,0.126801153,0.051873199,0.035211268,1.0,0.636887608,0.027355623,0.19843342,0.140992167,0.0,0.440140845,0.0,0.031700288,1900.0,54000.0,0.281690141,5.527638190954774,13628.677555017632
76,360290033011,1076572.56883,1064288.76908,65.32663316582915,39.33023288903477,96.91255009686132,0.395807645,0.03525641,20817,0.045627376,0.132555673,0.2873807,0.032520325,1.0,0.769883351,0.008383234,0.227160494,0.051851852,0.0,0.474254743,0.0,0.139978791,1920.0,56000.0,0.276422764,10.552763819095476,13102.666854695814
77,360290033012,1077985.02062,1063841.22137,48.08362369337979,46.993369664121126,95.4643,0.180041152,0.063291139,43770,0.288762447,0.327160494,0.134773663,0.277310924,0.225806452,0.933127572,0.084862385,0.700917431,0.034862385,0.0,0.722689076,0.0,0.0,1900.0,55000.0,0.289915966,12.54355400696864,13087.002527624913
78,360290033013,1077432.87822,1062514.70195,52.67857142857143,45.95630209314439,96.93010450004178,0.220760234,0.0,27356,0.144259078,0.070422535,0.216901408,0.222222222,0.553191489,0.966901408,0.0,0.14600551,0.0,0.0,0.310502283,0.0,0.0,1919.0,52000.0,0.354642314,9.523809523809524,12917.533091163286
79,360290033014,1076463.81411,1063178.89056,33.19502074688796,50.12314209896866,97.19392505673471,0.094373866,0.080838323,31093,0.230769231,0.359346642,0.130671506,0.25566343,0.0,0.914700544,0.0,0.783098592,0.022535211,0.0,0.686084142,0.0,0.0,1920.0,58000.0,0.200647249,13.278008298755188,12954.080854948752
80,360290033021,1076691.02744,1060101.33417,41.40969162995594,42.58371885620564,98.01348877313372,0.424290221,0.137809187,15285,0.335748792,0.154574132,0.285488959,0.515021459,0.234939759,0.695583596,0.0,0.333333333,0.0,0.0,0.519313305,0.0,0.0,1900.0,35000.0,0.60944206,10.13215859030837,12920.46281829944
81,360290033022,1077909.81347,1059827.70944,39.61538461538461,45.53868803348373,97.95718466234528,0.170977011,0.120743034,21773,0.121082621,0.319011815,0.226638024,0.491349481,0.312796209,0.817400644,0.01416122,0.101895735,0.063981043,0.0,0.259515571,0.0,0.252416756,1900.0,41000.0,0.498269896,14.615384615384617,12986.543216584403
83,360290033024,1076459.28089,1058723.23676,44.27480916030535,38.65634250223776,97.84536168484028,0.40239521,0.052132701,20942,0.189935065,0.379640719,0.164071856,0.668918919,0.0,1.0,0.008838384,0.183673469,0.376623377,0.0,0.522522523,0.0,0.0,1900.0,36000.0,0.362612613,3.816793893129771,13084.439045800593
84,360290034001,1083434.19015,1063461.84086,40.83969465648856,38.496635381837926,90.3306145083324,0.663636364,0.194805195,18258,0.299107143,0.148484848,0.012121212,0.674157303,0.0,1.0,0.0,0.303418803,0.0,0.0,0.443820225,0.0,0.0,1920.0,32000.0,0.775280899,10.30534351145038,14257.055502668652
85,360290034002,1082805.04921,1063427.47924,36.09756097560975,43.74494099884282,89.91465618840125,0.313929314,0.202797203,18488,0.222222222,0.16563147,0.161490683,0.053278689,0.276315789,1.0,0.0,0.446096654,0.0,0.0,0.540983607,0.0,0.0,1918.0,32000.0,0.631147541,14.634146341463412,14031.85337743614
87,360290034004,1081136.85313,1061612.87112,52.48618784530387,41.66653511195306,94.4613308158078,0.25984252,0.069767442,31263,0.291891892,0.17847769,0.217847769,0.308510638,0.470588235,1.0,0.0,0.408730159,0.317460317,0.0,0.393617021,0.0,0.0,1920.0,31000.0,0.239361702,17.12707182320442,13429.5024959094
88,360290034005,1080847.81248,1063490.91496,36.58536585365854,45.372763512032165,91.79976537196558,0.262187088,0.324675325,17957,0.047882136,0.177545692,0.251958225,0.683046683,1.0,0.754569191,0.0,0.39039666,0.123173278,0.0,0.312039312,0.0,0.009138381,1900.0,36000.0,0.459459459,18.29268292682927,13486.59172610272
89,360290035011,1081938.01663,1059009.42359,50.0,47.28086889022201,104.05740134238827,0.288848263,0.247311828,24182,0.163814181,0.323583181,0.219378428,0.245059289,0.148514851,0.992687386,0.011650485,0.437931034,0.055172414,0.0,0.577075099,0.0,0.018281536,1910.0,31000.0,0.482213439,8.783783783783784,13785.673797461335
91,360290035021,1079838.23441,1061175.95888,46.66666666666666,45.182152303147056,95.5687380860651,0.299007444,0.15443038,17423,0.12593985,0.146401985,0.253101737,0.357923497,0.493421053,1.0,0.010498688,0.120805369,0.163310962,0.0,0.31147541,0.0,0.0,1910.0,33000.0,0.428961749,7.777777777777778,13154.29296033644
92,360290035022,1079738.79136,1059400.40242,36.507936507936506,46.23805203924168,101.53483188459144,0.052092229,0.08993576,33914,0.251173709,0.242527754,0.261315115,0.317427386,0.092465753,0.994876174,0.021636877,0.386172007,0.0,0.0,0.609958506,0.0,0.0,1900.0,35000.0,0.087136929,10.846560846560848,13245.4567172249
93,360290036001,1086045.94732,1063337.57661,52.19123505976096,42.02975726539138,97.14161112721166,0.558095238,0.0,15493,0.212707182,0.068571429,0.217142857,0.320143885,0.859649123,1.0,0.081904762,0.627345845,0.0,0.050938338,0.586330935,0.0,0.0,1917.0,33000.0,0.111510791,14.342629482071716,15393.554783564876
94,360290036002,1084130.82039,1061007.70443,32.467532467532465,44.86612607153398,97.25,0.602941176,0.0,21126,0.147058824,0.173529412,0.267647059,0.340659341,1.0,1.0,0.0,0.341584158,0.103960396,0.0,0.741758242,0.115384615,0.0,1920.0,29500.0,0.296703297,7.142857142857142,14405.865235784266
95,360290036003,1085291.59131,1061084.10981,40.0,44.91439257599392,97.31951202985864,0.07771261,0.08677686,15292,0.229398664,0.183284457,0.278592375,0.452261307,0.110526316,0.976539589,0.214506173,0.506329114,0.046413502,0.0,0.412060302,0.115577889,0.0,1920.0,30000.0,0.381909548,8.571428571428571,14914.406329374962
96,360290036004,1084527.99396,1063505.80681,34.036144578313255,40.35805405301635,91.35022187778895,0.237042683,0.295825771,19474,0.211937716,0.285823171,0.115091463,0.355513308,0.183673469,0.972560976,0.038871951,0.441860465,0.0,0.0,0.657794677,0.081749049,0.131859756,1925.0,35000.0,0.287072243,8.433734939759036,14699.62592925132
97,360290037001,1088445.90872,1063590.48818,46.19718309859155,44.71629518680769,100.45490461969582,0.211948791,0.028571429,22564,0.191919192,0.109219858,0.338297872,0.201267829,0.861904762,0.987943262,0.036021926,0.46514936,0.042674253,0.0,0.374009509,0.0,0.00212766,1925.0,39000.0,0.350237718,19.154929577464788,16788.95402734244
98,360290037002,1088458.81435,1061331.5107,52.38095238095239,46.67416164383173,96.6230067303824,0.340839304,0.063451777,20426,0.22875817,0.042988741,0.331627431,0.531976744,1.0,0.830092119,0.0,0.483173077,0.0,0.0,0.25,0.0,0.006141249,1920.0,41000.0,0.569767442,16.791979949874687,16660.466554541643
99,360290037003,1087405.51353,1064245.39085,53.62903225806451,46.20989859949039,100.25,0.450738916,0.116402116,17241,0.180851064,0.133004926,0.285714286,0.570588235,0.181034483,0.963054187,0.0,0.423809524,0.0,0.0,0.317647059,0.0,0.0,1923.0,39000.0,0.094117647,23.387096774193548,16246.91863736587
100,360290037004,1087115.366,1061941.18773,47.53363228699551,49.42658026353914,98.27141020192234,0.229950319,0.15049505,18328,0.159436009,0.106458481,0.212916962,0.551894563,0.31358885,0.973740241,0.026354319,0.529235382,0.0,0.0,0.537067545,0.074135091,0.004968062,1920.0,39000.0,0.390444811,15.246636771300448,15870.649008203029
101,360290038001,1089585.85698,1064325.49311,30.8411214953271,43.17056947058885,100.8424971368498,0.536420102,0.105968331,17143,0.114837398,0.068012752,0.306057386,0.421974522,1.0,0.858129649,0.029034059,0.576704545,0.0,0.0,0.323248408,0.049363057,0.005844846,1924.0,44000.0,0.25955414,16.822429906542055,17635.636141588227
102,360290038002,1089621.92423,1062845.17034,37.79904306220095,42.163073830738405,99.0402734990205,0.175990676,0.25862069,18331,0.280163599,0.062937063,0.233100233,0.176678445,0.191860465,1.0,0.01547619,0.671686747,0.0,0.0,0.356890459,0.0,0.0,1920.0,41000.0,0.243816254,9.569377990430622,17489.56599020563
103,360290038003,1089983.13908,1061556.018,39.233038348082594,47.48424090529354,99.138277581658,0.43431221,0.099099099,23367,0.070588235,0.095744681,0.317629179,0.21942446,1.0,0.846504559,0.0,0.529616725,0.031358885,0.0,0.370503597,0.0,0.016717325,1920.0,41000.0,0.284172662,16.8141592920354,17675.139726146583
104,360290039011,1083141.76614,1068890.3312,41.15942028985507,42.863446720214014,80.05866256953757,0.465135357,0.06284153,17774,0.428057554,0.163248564,0.247744053,0.341232227,0.394736842,0.919606235,0.061036789,0.377181208,0.136912752,0.0,0.428120063,0.014218009,0.007383101,1920.0,43000.0,0.447077409,19.13043478260869,15528.009415761988
105,360290040021,1079522.85899,1067716.83803,46.058091286307054,47.267787587252286,83.60358034281614,0.436090226,0.086614173,20774,0.147448015,0.193984962,0.17443609,0.267857143,0.0,0.956390977,0.272141707,0.453968254,0.0,0.0,0.671428571,0.0,0.0,1920.0,46000.0,0.325,9.54356846473029,14203.149325569448
106,360290040022,1079365.39606,1070775.13808,50.81967213114754,47.35766594561178,80.55749578714322,0.200612557,0.109414758,27371,0.057934509,0.050535988,0.300153139,0.222222222,0.31122449,0.477794793,0.0,0.249201278,0.159744409,0.0,0.513888889,0.072916667,0.009188361,1915.0,152000.0,0.322916667,7.650273224043716,15451.297611409604
107,360290040031,1081911.26454,1070486.37957,38.73873873873874,40.75313317390662,73.57536181476881,0.325816485,0.162337662,15436,0.295302013,0.166407465,0.379471229,0.595197256,0.945626478,0.958786936,0.003246753,0.133971292,0.377990431,0.0,0.123499142,0.010291595,0.0,1950.0,35000.0,0.370497427,9.00900900900901,15840.618772457448
108,360290040032,1081202.19678,1068521.39823,36.76975945017183,40.65099439690704,81.18390162112028,0.332857143,0.0,12681,0.369606004,0.261428571,0.201428571,0.639344262,0.090909091,0.875714286,0.106481481,0.374193548,0.083870968,0.0,0.475409836,0.106557377,0.014285714,1920.0,46000.0,0.409836066,12.027491408934708,14821.945732921771
109,360290040033,1080558.67247,1069894.75205,36.64772727272727,43.59583674385735,77.34357236190591,0.173492182,0.044802867,23727,0.152199762,0.153387937,0.306775875,0.251559252,0.490291262,0.950856292,0.09478673,0.386454183,0.0,0.0,0.577962578,0.014553015,0.0,1920.0,44000.0,0.243243243,12.5,15243.09389945231
110,360290041001,1085811.00606,1066364.36092,46.84095860566449,40.91406918352233,87.54636718416168,0.456452638,0.055258467,13533,0.170967742,0.086404066,0.367217281,0.225746269,0.863888889,0.99047014,0.06028076,0.510176391,0.075983718,0.0,0.343283582,0.0,0.0,1920.0,44000.0,0.220149254,14.814814814814811,15820.834916300922
111,360290041002,1088089.33707,1066013.26144,46.1139896373057,61.93837733210326,91.53357579170743,0.186234818,0.086580087,21063,0.141880342,0.102226721,0.356275304,0.146608315,0.78041543,1.0,0.0,0.660305344,0.0,0.0,0.695842451,0.0,0.0,1928.0,63000.0,0.282275711,14.76683937823834,16989.35393814333
114,360290042001,1085922.95486,1070767.73053,36.693548387096776,32.95963161942775,85.4695581125438,0.250340136,0.023489933,28347,0.174664107,0.219047619,0.246258503,0.254681648,0.407692308,1.0,0.066255778,0.501305483,0.0,0.0,0.460674157,0.041198502,0.0,1920.0,46000.0,0.314606742,6.854838709677419,17472.02140536854
115,360290042002,1086027.93325,1069511.28758,32.15547703180212,37.23041770429665,86.64141549096598,0.239179954,0.0,29800,0.205729167,0.264236902,0.086560364,0.288732394,1.0,0.870159453,0.0,0.659638554,0.0,0.0,0.602112676,0.0,0.0,1925.0,49000.0,0.207746479,11.66077738515901,16969.576120292415
116,360290042003,1085971.36958,1068003.07738,36.21399176954733,41.12471850705861,82.72535094139198,0.481624758,0.191780822,14636,0.0,0.119922631,0.352030948,0.468965517,0.657657658,1.0,0.0,0.594771242,0.0,0.0,0.248275862,0.0,0.0,1925.0,48000.0,0.562068966,8.641975308641975,16382.965750708408
118,360290042005,1084746.70804,1070434.27018,42.72997032640949,36.87576189927426,78.9286,0.360561056,0.225512528,16556,0.137829912,0.073432343,0.339933993,0.498714653,0.912621359,0.992574257,0.029676259,0.740088106,0.028634361,0.0,0.411311054,0.0,0.0,1920.0,46000.0,0.205655527,16.320474777448073,16792.02726116114
119,360290043001,1088674.68469,1074031.39387,37.41721854304636,27.17900058676468,78.12619634964173,0.299657534,0.0,16933,0.066298343,0.155821918,0.272260274,0.041152263,0.264150943,0.511986301,0.0,0.384057971,0.0,0.0,0.300411523,0.0,0.011986301,1928.0,68000.0,0.267489712,6.95364238410596,20701.19865206148
121,360290043003,1087523.35146,1073271.21535,33.22147651006711,34.03079177491744,77.86814751584672,0.0,0.092592593,30884,0.146226415,0.105802048,0.180887372,0.071823204,1.0,0.802047782,0.0,0.900552486,0.0,0.0,0.325966851,0.0,0.0,1925.0,48500.0,0.0,11.073825503355703,19607.04460017825
122,360290043004,1089990.82342,1073557.62141,22.61904761904762,37.242738643655606,78.03309154409669,0.051383399,0.0,38637,0.0,0.304347826,0.113306983,0.207756233,1.0,0.363636364,0.0,0.933518006,0.0,0.0,0.745152355,0.0,0.0,1942.0,170500.0,0.08033241,5.158730158730158,21225.24787071662
123,360290043005,1087524.15871,1074133.03592,29.45205479452055,37.01522393243317,77.86800745375913,0.333900613,0.0,20211,0.170437406,0.094622192,0.306671205,0.292145594,0.857798165,0.755956433,0.0,0.608192342,0.0,0.0,0.462643678,0.0,0.0,1926.0,64000.0,0.0,15.753424657534246,20127.427784097126
124,360290043006,1087417.40113,1071333.75781,27.43362831858407,33.90510295281711,88.91869408121246,0.382746051,0.0,15461,0.098920863,0.17253949,0.278250304,0.185303514,0.310043668,1.0,0.0,0.704188482,0.0,0.0,0.24600639,0.0,0.0,1925.0,45000.0,0.194888179,8.849557522123893,18510.26387439158
126,360290044011,1088507.72131,1070888.79556,42.45614035087719,35.53868133442302,87.03105603072086,0.099250936,0.025044723,26594,0.121765601,0.18071161,0.22752809,0.559322034,0.651982379,0.97752809,0.018072289,0.834422658,0.0,0.0,0.690072639,0.0,0.003745318,1927.0,47000.0,0.01937046,9.473684210526317,18928.69624942552
127,360290044012,1087385.23052,1069670.33619,41.96185286103542,56.223136435581445,89.24640827033495,0.240618102,0.192307692,21400,0.273781903,0.114790287,0.376379691,0.344387755,0.960912052,0.954746137,0.0,0.891566265,0.0,0.0,0.556122449,0.0,0.0,1925.0,44000.0,0.079081633,13.62397820163488,17746.53012767873
128,360290044013,1089225.17321,1069492.83338,33.98692810457516,71.32427133001877,86.51265695847704,0.252407501,0.011730205,27913,0.065420561,0.177901673,0.216421693,0.439450687,0.700712589,0.876837304,0.021917808,0.597307222,0.014687882,0.0,0.601747815,0.0,0.0,1940.0,58000.0,0.220973783,11.328976034858387,18788.4400787374
129,360290044014,1089966.60821,1071386.90917,50.88757396449704,30.621384874480853,83.97541057390076,0.065789474,0.033573141,31595,0.074144487,0.200292398,0.141812865,0.255506608,0.762886598,0.934210526,0.0,0.07751938,0.067829457,0.0,0.129955947,0.0,0.0,1936.5,64000.0,0.13215859,20.710059171597635,20086.667795393336
130,360290044021,1089313.52172,1068105.88901,175.0,42.19012443217154,88.85470250349651,0.669451697,0.223931624,8767,0.214527027,0.041775457,0.363446475,0.588495575,0.730829421,0.93002611,0.006097561,0.172273191,0.055045872,0.0,0.021017699,0.0,0.029765013,1950.5,67000.0,0.547566372,50.0,18352.212869126663
131,360290044022,1087554.43368,1067802.51594,46.31578947368421,57.71290449714794,82.54673943172838,0.17752235,0.385356455,24056,0.0,0.14559387,0.307790549,0.036144578,0.726804124,0.900383142,0.0,0.472891566,0.0,0.0,0.515060241,0.078313253,0.0,1945.0,62000.0,0.177710843,15.789473684210526,17164.860265684507
132,360290045001,1080481.33231,1075877.19493,33.5423197492163,41.01946658944147,80.89023575131354,0.031982942,0.085139319,42130,0.214814815,0.173773987,0.070362473,0.257019438,0.166666667,0.219616205,0.0,0.440604752,0.0,0.0,0.494600432,0.0,0.046908316,1951.0,147000.0,0.0,6.583072100313479,18772.09173233694
133,360290045002,1081926.86008,1072281.405,41.50943396226416,41.75638603316563,78.17198885789098,0.127721335,0.032943677,40379,0.013143483,0.070503597,0.083453237,0.229802513,0.801724138,0.927338129,0.0,0.270979021,0.243006993,0.0,0.378815081,0.0,0.008633094,1938.0,149000.0,0.077199282,18.238993710691823,16778.754170420663
134,360290045003,1079619.98224,1075758.60144,35.147392290249435,33.49551580354246,80.63556540472342,0.078089462,0.02345679,52280,0.044585987,0.246398787,0.119787718,0.176012461,0.139240506,0.113722517,0.0,0.583668005,0.066934404,0.0,0.788161994,0.0,0.018195603,1930.0,203000.0,0.023364486,7.482993197278912,18542.427394281192
135,360290045004,1079693.99259,1072285.02939,47.67932489451477,42.00986280186618,84.49765631408228,0.061320755,0.243902439,79023,0.153005464,0.422169811,0.136792453,0.238095238,0.0,0.150943396,0.0,0.679166667,0.320833333,0.0,0.862433862,0.0,0.0,1920.0,409000.0,0.0,14.345991561181432,16302.43726105385
136,360290045005,1079831.66371,1073595.65076,57.49128919860628,34.184410128941025,86.00403618000274,0.088724584,0.072434608,40809,0.09984639,0.092916283,0.321987121,0.065420561,0.242957746,0.256669733,0.0,0.730769231,0.0,0.0,0.862928349,0.0,0.004599816,1917.0,222000.0,0.0,9.75609756097561,17108.51021382112
137,360290045006,1079622.61123,1074533.16045,21.5686274509804,41.21486312101412,86.05017983760085,0.0,0.0,72700,0.0,0.246478873,0.122065728,0.204724409,0.653846154,0.084507042,0.0,1.0,0.0,0.0,1.0,0.0,0.0,1925.0,240000.0,0.0,7.352941176470589,17685.822836105624
138,360290046011,1081514.66081,1077472.79359,31.6,37.92349762509339,80.53714740492886,0.278145695,0.01179941,31078,0.130750605,0.188741722,0.07781457,0.1886121,0.191489362,0.387417219,0.014900662,0.628205128,0.0,0.0,0.644128114,0.0,0.0,1930.0,126000.0,0.359430605,6.4,20194.882628977037
140,360290046013,1082759.2419,1075956.58733,50.75757575757576,37.20276925511661,79.31945766293623,0.529980658,0.0,19392,0.0,0.032882012,0.099613153,0.197368421,0.831578947,0.502901354,0.0,0.318181818,0.0,0.0,0.252631579,0.0,0.0,1920.0,102500.0,0.218421053,7.954545454545454,19384.978996488466
141,360290046014,1083845.97789,1077253.51581,37.719298245614034,41.17878787878788,74.7822249302424,0.177304965,0.023880597,45626,0.0,0.173049645,0.266666667,0.210714286,0.079787234,0.320567376,0.0,0.688271605,0.175925926,0.0,0.796428571,0.0,0.0,1920.0,193000.0,0.132142857,11.403508771929824,20696.19559306887
142,360290047011,1085480.72618,1073046.60007,42.35924932975871,36.38691011663766,77.83377713189944,0.466666667,0.161184211,26939,0.093306288,0.0,0.24057971,0.150134048,0.93373494,0.514492754,0.038709677,0.70617284,0.0,0.0,0.203753351,0.0,0.0,1925.0,62000.0,0.174262735,12.332439678284182,18480.84178101643
143,360290047012,1085573.85388,1071932.30603,29.51945080091533,38.00050714831148,80.3803562306825,0.305867665,0.17414966,23424,0.162132753,0.083281541,0.280298322,0.297478992,0.671171171,1.0,0.014388489,0.827941176,0.0,0.0,0.537815126,0.0,0.0,1925.0,54000.0,0.233613445,11.441647597254006,17897.036415985178
145,360290047022,1083509.20664,1072944.73494,47.66081871345029,39.98328442326975,78.56906156240352,0.318905156,0.063865546,24480,0.0,0.091024825,0.164863144,0.149390244,0.857142857,0.953532782,0.0,0.31875,0.305,0.0,0.257621951,0.0,0.0,1925.0,70000.0,0.446646341,13.742690058479532,17648.75250610669
146,360290047023,1083037.31638,1074847.42141,50.27322404371585,42.77542498533851,79.01105569516535,0.471319312,0.014412417,16048,0.071969697,0.128051589,0.113772455,0.178835979,1.0,0.691847075,0.0,0.432958035,0.09825998,0.0,0.226455026,0.0,0.008751727,1920.0,99000.0,0.231746032,7.103825136612022,18697.626218559097
147,360290048001,1076319.22559,1074052.75942,33.80281690140845,37.06012401601814,88.39020488199051,0.086206897,0.015988372,53398,0.068891281,0.17876588,0.112522686,0.108829569,0.177419355,0.117967332,0.0,0.388888889,0.034482759,0.0,0.638603696,0.0,0.003629764,1920.0,228000.0,0.028747433,5.868544600938967,17148.065891539896
148,360290048002,1077760.29075,1073654.30126,33.94736842105263,40.47461637542943,93.24260628843912,0.172982885,0.009776536,43497,0.060878244,0.144865526,0.303789731,0.232771822,0.162977867,0.135696822,0.0,0.53323486,0.206794682,0.0,0.612557427,0.018376723,0.004889976,1920.0,246500.0,0.134762634,6.052631578947368,16922.079763682483
149,360290048003,1077430.55917,1075867.95354,45.94594594594595,32.176340271662056,80.67730982212473,0.184194151,0.0602537,45389,0.024227235,0.178856792,0.257529195,0.12312812,0.623306233,0.248924401,0.0,0.407633588,0.044274809,0.0,0.642262895,0.038269551,0.0,1927.0,231000.0,0.104825291,8.558558558558559,18419.82402954869
150,360290049011,1074682.47385,1073564.32693,36.21621621621622,33.34854417155036,90.57234707246737,0.19047619,0.0,44587,0.180194805,0.317006803,0.027210884,0.3401222,1.0,0.20952381,0.0,0.137380192,0.02715655,0.0,0.482688391,0.0,0.008163265,1920.0,210000.0,0.226069246,11.351351351351353,16928.138659353004
151,360290049012,1073632.94447,1073295.33356,33.52601156069364,42.660536358742846,91.78251860650842,0.144890039,0.038961039,28549,0.042047532,0.172056921,0.243208279,0.367601246,0.281914894,0.287192755,0.014354067,0.171662125,0.0,0.0,0.404984424,0.0,0.0,1923.0,206000.0,0.018691589,9.248554913294797,16895.972494770507
152,360290049021,1074738.97375,1076079.57295,33.86363636363636,35.037966672430585,83.5616403041685,0.010943912,0.0,45702,0.045492839,0.090971272,0.154582763,0.056463596,0.5,0.384404925,0.0,0.229985444,0.024745269,0.0,0.487369985,0.0,0.000683995,1922.0,198000.0,0.020802377,6.59090909090909,18634.124014508143
153,360290049022,1074728.11542,1074828.97808,32.6133909287257,38.0491838630628,87.77069929875472,0.166391185,0.0,47307,0.011295181,0.026997245,0.110192837,0.06741573,0.295698925,0.310743802,0.0,0.118924509,0.165460186,0.020682523,0.342696629,0.0,0.005509642,1920.0,211000.0,0.03258427,9.719222462203025,17747.99561876091
155,360290050001,1070971.71161,1073987.04289,46.68989547038328,43.75599719943824,84.80444493816994,0.227923628,0.058,46630,0.059334298,0.116113744,0.117298578,0.158362989,0.14893617,0.328199052,0.053884712,0.177235772,0.276422764,0.0,0.286476868,0.0,0.014218009,1922.0,160000.0,0.199288256,6.2717770034843205,17903.878773272216
156,360290050002,1071169.46953,1076123.24118,45.5026455026455,34.673979067376884,81.43855221896017,0.315508021,0.0,26164,0.0968523,0.185383244,0.126559715,0.117346939,1.0,0.278074866,0.0,0.409756098,0.048780488,0.0,0.551020408,0.066326531,0.01426025,1926.0,151000.0,0.020408163,9.523809523809524,19283.630549290312
157,360290050003,1070278.52743,1076411.24251,38.27586206896552,35.09102680172084,81.12363957079017,0.159165752,0.018518519,30436,0.055469954,0.04451683,0.212812161,0.117768595,0.73006135,0.513572204,0.0,0.466535433,0.0,0.0,0.41322314,0.0,0.0,1930.0,125000.0,0.185950413,13.448275862068964,19739.08738179469
158,360290051001,1076543.75911,1077359.20022,32.92517006802721,33.192704775936235,82.3341715053448,0.087373737,0.0,46045,0.012292563,0.134224864,0.086181278,0.198820556,0.207407407,0.197622585,0.033112583,0.48946925,0.01600674,0.0,0.609098568,0.0,0.0,1946.0,140000.0,0.127211457,5.850340136054422,19534.58120413539
160,360290051003,1073238.4559,1077749.4132,30.656934306569344,30.40034404566424,81.4373404055056,0.151414309,0.057692308,41147,0.039130435,0.212978369,0.0,0.042959427,0.0,0.387687188,0.0,0.181384248,0.0,0.0,0.291169451,0.0,0.0,1925.0,147500.0,0.22673031,10.218978102189782,20088.37250277771
161,360290051004,1072530.63681,1075400.09221,33.730158730158735,39.28325429087624,84.27944170480903,0.491628615,0.079002079,28248,0.130584192,0.086494689,0.314871017,0.3974122,0.85971223,0.541729894,0.011111111,0.269421488,0.0,0.0,0.249537893,0.0,0.008345979,1922.0,181000.0,0.219963031,6.349206349206349,18460.58941204388
162,360290052011,1077422.7424,1071644.73558,43.38235294117647,42.60752772809458,89.96931162974214,0.125822368,0.037546934,44871,0.007658643,0.123355263,0.186677632,0.162046908,0.259911894,0.076480263,0.0,0.388560158,0.0,0.041420118,0.665245203,0.049040512,0.022203947,1913.5,281500.0,0.017057569,7.720588235294118,15730.275632984916
163,360290052012,1078284.19627,1070362.11152,63.020833333333336,46.22874136429283,87.4286,0.023160763,0.075247525,54436,0.0,0.187837838,0.160810811,0.125714286,0.230088496,0.233783784,0.0,0.331775701,0.0,0.0,0.56,0.0,0.0,1912.0,226000.0,0.0,10.9375,15131.221446220046
164,360290052013,1077970.04448,1067989.29486,52.17391304347826,50.46600312168679,85.07151246253706,0.07615894,0.0,33275,0.056603774,0.097701149,0.221264368,0.303249097,0.142857143,0.58045977,0.004643963,0.137254902,0.111111111,0.0,0.162454874,0.198555957,0.165229885,1910.0,238000.0,0.144404332,13.043478260869565,14125.752166957169
166,360290052021,1076308.26613,1065633.23659,37.05179282868526,57.20779127337846,91.34460070335496,0.277886497,0.040194884,18750,0.0,0.04871955,0.099937539,0.262295082,1.0,0.54091193,0.003203075,0.485645933,0.0,0.0,0.530054645,0.0,0.3766396,1917.0,119000.0,0.128415301,5.179282868525896,13381.036779866514
167,360290052022,1077900.94994,1065782.39101,40.10416666666667,48.96088976885377,90.61466276238228,0.377099237,0.065217391,26037,0.123287671,0.142748092,0.267938931,0.288248337,0.226837061,0.872519084,0.086021505,0.340836013,0.0,0.0,0.620842572,0.015521064,0.0,1916.0,103000.0,0.159645233,12.239583333333332,13457.405590547904
168,360290053001,1075736.06753,1069633.34067,39.42857142857143,49.54745928166117,89.0818547092232,0.078145695,0.025817556,57743,0.0,0.085750315,0.151324086,0.261146497,0.313043478,0.292559899,0.024064171,0.461783439,0.0,0.0,0.461783439,0.0,0.041614124,1910.0,243000.0,0.031847134,11.428571428571429,14765.57387236271
169,360290053002,1074264.29324,1067745.04732,88.88888888888889,45.47217711203416,90.08469260688784,0.473684211,0.112195122,11708,0.142307692,0.078612717,0.005780347,0.349206349,0.0,0.485549133,0.0,0.091346154,0.783653846,0.0,0.211640212,0.0,0.739884393,1920.0,253500.0,0.64021164,28.88888888888889,14158.357038649428
170,360290054001,1072208.49577,1070319.23648,40.67796610169492,50.24419341107858,92.20300419864046,0.067035245,0.160443996,76523,0.017369727,0.217000691,0.107118176,0.0968523,0.0,0.230131306,0.016487455,0.296938776,0.241836735,0.0,0.437046005,0.0,0.0,1934.0,419000.0,0.078692494,8.192090395480225,15583.255195384392
171,360290054002,1070690.93605,1072007.02348,62.05128205128205,42.44092940709592,87.00773864415582,0.143812709,0.023706897,29451,0.176197836,0.154960981,0.220735786,0.123752495,0.621212121,0.353400223,0.0,0.045537341,0.327868852,0.0,0.201596806,0.0,0.011148272,1924.0,204000.0,0.153692615,9.230769230769232,16836.902366633178
172,360290054003,1070087.76555,1070241.90887,34.0080971659919,48.80338451415543,87.55571318148249,0.011286682,0.109540636,62776,0.028614458,0.202031603,0.178329571,0.306306306,0.0,0.266365688,0.0,0.783783784,0.0,0.0,0.915915916,0.0,0.0,1920.0,289000.0,0.03003003,13.360323886639677,16155.375093874229
173,360290054004,1074849.14513,1072292.99307,33.45195729537366,41.08027567694212,91.28302950639772,0.277244987,0.0,72316,0.069736842,0.204010462,0.211857018,0.308910891,0.111888112,0.096774194,0.0,0.42883549,0.131238447,0.140480591,0.655445545,0.0,0.006974717,1920.0,250000.0,0.027722772,5.338078291814947,16162.273065489248
174,360290055001,1067802.44594,1072290.27995,60.0,50.50418720142107,81.4736567085225,0.227984344,0.116104869,21146,0.326953748,0.089041096,0.286692759,0.224770642,0.646616541,0.35518591,0.075132275,0.183070866,0.090551181,0.0,0.188073394,0.084862385,0.0,1900.0,77000.0,0.371559633,14.782608695652174,18065.10338805283
175,360290055002,1066509.70244,1071246.42591,65.94827586206897,48.5714876246022,84.35128114020722,0.520291363,0.075675676,18872,0.194533762,0.106139438,0.20603538,0.348979592,0.232323232,0.477627471,0.123931624,0.17481203,0.060150376,0.0,0.132653061,0.059183673,0.003121748,1900.0,75000.0,0.495918367,15.086206896551724,18161.67952227748
176,360290055003,1065027.11834,1070313.19849,37.16216216216216,50.04771292958904,77.05871764648252,0.488262911,0.064171123,16944,0.055900621,0.067605634,0.351173709,0.379781421,0.248663102,0.582159624,0.091365462,0.326446281,0.0,0.0,0.218579235,0.06284153,0.020657277,1900.0,56000.0,0.229508197,14.864864864864863,18570.451031894063
177,360290055004,1068243.87256,1070863.62101,48.8479262672811,53.1288037431413,84.82093113376638,0.459879206,0.0,16989,0.059936909,0.006902502,0.366695427,0.223529412,0.024630542,0.552200173,0.238779174,0.082524272,0.186893204,0.0,0.220588235,0.191176471,0.0,1913.0,83000.0,0.252941176,12.903225806451612,17158.586107535015
178,360290056001,1067808.90776,1077775.54734,34.14634146341464,32.295825771324864,76.42383162082183,0.301652893,0.027607362,27917,0.226666667,0.020661157,0.305785124,0.235127479,0.878378378,0.749311295,0.09256662,0.07082153,0.0,0.0,0.138810198,0.0,0.0,1930.0,67000.0,0.354107649,9.75609756097561,21588.67762128061
179,360290056002,1066923.8895,1076291.12164,26.31578947368421,40.753808944332064,75.64162116773562,0.088669951,0.095419847,27145,0.154661017,0.285714286,0.177339901,0.476190476,0.0,0.500821018,0.018062397,0.366300366,0.0,0.0,0.798534799,0.0,0.0,1961.0,96000.0,0.04029304,4.276315789473684,20890.6084046859
180,360290056003,1067379.49483,1073796.57694,42.32558139534884,46.72950334274629,79.02419420947086,0.431305537,0.023364486,13781,0.152690864,0.059466849,0.358851675,0.523049645,0.925925926,0.809979494,0.043062201,0.18336163,0.400679117,0.0,0.124113475,0.0,0.021189337,1920.0,84000.0,0.132978723,17.209302325581397,19095.429375467746
181,360290056004,1065951.21246,1074125.37773,42.61363636363637,46.62956322421462,75.9595933965291,0.22783979,0.079522863,17240,0.112849162,0.084044649,0.363755745,0.34416826,0.380252101,0.810242942,0.043055556,0.317073171,0.196747967,0.0,0.346080306,0.0,0.0,1910.0,66000.0,0.187380497,9.659090909090908,19972.155837000184
182,360290056005,1068095.36286,1074837.09204,36.30952380952381,34.32068543451653,80.54410553467856,0.20609319,0.034946237,30589,0.137019231,0.14516129,0.23297491,0.164556962,1.0,0.311827957,0.0,0.111111111,0.0,0.0,0.253164557,0.0,0.0,1924.0,85000.0,0.186708861,5.952380952380952,19430.91230006615
183,360290057001,1064283.93109,1075141.66472,70.70707070707071,40.315253509128,72.86600178390593,0.798722045,0.0,8725,0.248201439,0.039936102,0.47284345,0.391304348,1.0,0.931309904,0.308394161,0.106122449,0.359183673,0.0,0.113043478,0.104347826,0.0,1920.0,62000.0,0.817391304,16.161616161616163,21471.64032461187
184,360290057002,1062605.22211,1073995.66379,38.49206349206349,49.53187348244683,71.6344464003879,0.432938856,0.0,12744,0.478688525,0.024654832,0.194280079,0.295890411,0.792592593,0.695266272,0.074594595,0.26342711,0.0,0.0,0.290410959,0.0,0.0,1917.0,68000.0,0.197260274,5.555555555555555,21839.257547449208
185,360290057003,1063609.69678,1075524.03493,48.01061007957559,49.370436984189865,71.73799377064461,0.057004245,0.076013514,18138,0.162790698,0.047907823,0.405093996,0.187096774,0.634390651,0.707095209,0.005832793,0.646551724,0.0,0.0,0.367741935,0.0,0.002425713,1920.0,63000.0,0.098924731,6.896551724137931,22091.93456868202
186,360290058011,1064075.79766,1079049.11391,31.80952380952381,34.217303194679715,71.29381522715097,0.270058708,0.005319149,27018,0.13093415,0.136986301,0.270058708,0.447108604,0.642004773,0.384540117,0.065565307,0.582984658,0.0,0.011157601,0.782792666,0.08180536,0.0,1925.0,77000.0,0.104372355,6.285714285714287,24222.05976017536
187,360290058012,1063046.52087,1079659.94965,39.04382470119522,36.73809523809524,70.80679599890374,0.230499562,0.047091413,22140,0.191435768,0.126205083,0.231375986,0.365630713,0.367768595,0.56266433,0.056657224,0.121359223,0.19579288,0.0,0.407678245,0.016453382,0.000876424,1927.0,77000.0,0.405850091,3.5856573705179287,25222.535949347886
188,360290058013,1061835.6136,1078041.12925,41.66666666666667,36.838372555441815,70.34752684863743,0.24952381,0.0,19112,0.340057637,0.099047619,0.257142857,0.402985075,0.391666667,0.807619048,0.220238095,0.357798165,0.0,0.0,0.353233831,0.0,0.0,1920.0,76000.0,0.084577114,6.481481481481481,24787.518872159853
189,360290058021,1062602.69844,1076168.57947,47.72036474164133,42.49956397523909,70.28950341682715,0.443249701,0.115183246,18932,0.291233284,0.157706093,0.11827957,0.407925408,0.515151515,0.514934289,0.132616487,0.368534483,0.122844828,0.0,0.27972028,0.016317016,0.0,1910.0,73000.0,0.596736597,7.598784194528875,23097.570173613527
190,360290058022,1060960.37637,1075089.78995,42.93333333333334,45.61629235879428,70.68331551073607,0.351488744,0.078804348,23123,0.209587514,0.11328976,0.249818446,0.179245283,0.400641026,0.543209877,0.11866969,0.582167832,0.015734266,0.0,0.603773585,0.0,0.0,1910.0,80500.0,0.169811321,8.533333333333333,23550.01520520934
191,360290058023,1062726.40689,1077095.05036,40.562248995983936,46.8134962442434,70.45858633746009,0.258928571,0.0,17821,0.380664653,0.089285714,0.367857143,0.19047619,0.247572816,0.8625,0.100642398,0.428571429,0.0,0.0,0.481481481,0.0,0.0,1922.0,74000.0,0.158730159,4.417670682730924,23612.57764691926
192,360290058024,1063833.76285,1077875.48694,29.84293193717277,42.21225993058587,71.43013290352928,0.289237668,0.037433155,16193,0.288088643,0.052729298,0.375789083,0.617177914,0.356926188,0.718158188,0.152073733,0.331346841,0.030989273,0.0,0.364417178,0.0,0.001856665,1925.0,70000.0,0.309202454,4.450261780104712,23507.411922016072
193,360290059001,1062466.77569,1072746.52975,37.56345177664975,53.15184815184815,71.3571,0.332635983,0.0625,16767,0.307407407,0.077405858,0.215481172,0.676767677,1.0,0.148535565,0.033936652,0.572580645,0.0,0.0,0.5,0.0,0.0,1910.0,56000.0,0.035353535,5.583756345177665,21291.067996584712
194,360290059002,1062576.58166,1072040.65394,50.256410256410255,48.644288438312,72.49006299514701,0.489192264,0.340720222,15453,0.228464419,0.092150171,0.259385666,0.403076923,0.793859649,0.584755404,0.208718626,0.217877095,0.0,0.0,0.4,0.095384615,0.0,1900.0,53000.0,0.335384615,4.615384615384616,20883.32016634888
195,360290059003,1063453.40448,1071697.13259,47.16981132075472,48.51582208634788,74.43774572483687,0.145135566,0.0,35943,0.014204545,0.130781499,0.371610845,0.611538462,0.0,0.566188198,0.0,0.428176796,0.099447514,0.0,0.676923077,0.0,0.0,1900.0,53000.0,0.273076923,9.433962264150944,20146.206912334244
196,360290059004,1063114.52074,1070571.41899,41.54589371980676,46.443991160972296,74.37741814983762,0.412143514,0.186046512,12034,0.11682243,0.014719411,0.234590616,0.322115385,1.0,0.436062557,0.062811565,0.228365385,0.045673077,0.0,0.175480769,0.0,0.0,1900.0,53000.0,0.53125,10.144927536231885,19888.48841388925
197,360290059005,1062260.09727,1070010.40961,55.00000000000001,43.19731497703911,74.81392544104702,0.529668412,0.090909091,55356,0.194690265,0.177137871,0.157068063,0.512269939,1.0,0.70069808,0.026809651,0.1875,0.570833333,0.0,0.136503067,0.087423313,0.006108202,1900.0,67500.0,0.549079755,10.625,20268.010009381724
198,360290061001,1063286.43554,1063033.40057,47.6780185758514,45.69231139876481,87.45416821214515,0.298122066,0.10653753,21154,0.114238411,0.066901408,0.232394366,0.358490566,0.650793651,0.737089202,0.042527339,0.385496183,0.0,0.0,0.301886792,0.0,0.0,1900.0,77000.0,0.438679245,9.907120743034056,17951.89937573443
199,360290061002,1066354.07536,1063731.53883,75.0,62.4577751896822,83.0040189470122,0.441150045,0.0,28596,0.177288528,0.035040431,0.208445642,0.576763485,1.0,0.637915544,0.0,0.246987952,0.103915663,0.0,0.510373444,0.0,0.010781671,1890.0,125000.0,0.502074689,11.41304347826087,15934.271688226012
200,360290061003,1065489.41615,1062039.23151,56.54450261780105,59.2383375922109,89.7275164387975,0.601147776,0.020325203,12966,0.494871795,0.071736011,0.304160689,0.395604396,0.0,0.7517934,0.220930233,0.438202247,0.0,0.0,0.357142857,0.258241758,0.035868006,1900.0,111000.0,0.230769231,9.424083769633508,16363.376668738696
201,360290061004,1065698.57129,1063686.32959,92.5233644859813,58.63550656736669,85.48897381326559,0.785507246,0.002597403,15642,0.474418605,0.041545894,0.503381643,0.429708223,0.685220729,0.663768116,0.14941302,0.429928741,0.023752969,0.0,0.283819629,0.074270557,0.0,1900.0,111000.0,0.188328912,15.42056074766355,16331.66600019484
203,360290063011,1069105.24711,1066257.66721,53.333333333333336,50.73688355685536,87.19061134394899,0.065934066,0.029891304,38452,0.0,0.073926074,0.210789211,0.212669683,0.274881517,0.244755245,0.021226415,0.142276423,0.101626016,0.036585366,0.307692308,0.0,0.0,1900.0,242000.0,0.0,8.88888888888889,15057.213178745267
204,360290063012,1069048.1461,1064874.02353,51.87165775401069,57.13765913655939,90.6786,0.065491184,0.034220532,49491,0.039246468,0.137376238,0.131188119,0.168674699,0.346153846,0.15470297,0.0,0.163170163,0.263403263,0.0,0.306024096,0.0,0.0,1900.0,321000.0,0.026506024,6.951871657754011,14752.756814372768
205,360290063013,1067959.37015,1064837.689,43.78109452736319,55.85907566030355,86.4576581387899,0.034172662,0.0,65682,0.052287582,0.25,0.044964029,0.394160584,0.0,0.176258993,0.0,0.289256198,0.0,0.0,0.551094891,0.0,0.0,1900.0,263000.0,0.03649635,7.462686567164178,15237.768875604372
206,360290063014,1067443.52322,1065423.19452,56.8733153638814,56.121567164859954,83.01493646525331,0.19414744,0.086486486,36403,0.070871722,0.064737616,0.245218244,0.168057211,0.34375,0.276115743,0.0,0.288442211,0.015075377,0.0,0.327771156,0.019070322,0.004413928,1900.0,180000.0,0.226460072,7.547169811320755,15617.632943808776
207,360290063015,1067747.97194,1066582.71842,61.92893401015228,54.79530018062804,83.06435124170461,0.120805369,0.0,71803,0.0,0.120805369,0.070469799,0.17218543,1.0,0.197986577,0.067114094,0.132450331,0.264900662,0.0,0.377483444,0.0,0.0,1900.0,164000.0,0.264900662,13.705583756345176,15759.407045165442
208,360290063021,1070898.6524,1067527.0805,43.63636363636363,52.96983294041606,89.76666807024814,0.083945435,0.027826087,63309,0.006006006,0.157397692,0.220356768,0.187347932,0.0,0.053515215,0.0,0.50921659,0.0,0.0,0.542579075,0.0,0.010493179,1910.0,397000.0,0.04136253,6.545454545454546,14808.953820796343
209,360290063022,1070731.59534,1064904.93741,42.77108433734939,60.64342844155564,84.15578536689152,0.046812749,0.0,66362,0.050285714,0.23591213,0.074498567,0.194899818,0.142857143,0.221585482,0.00589391,0.431064572,0.055846422,0.0,0.559198543,0.0,0.041069723,1907.0,364000.0,0.058287796,5.421686746987952,14140.928740553509
210,360290063023,1070877.92356,1065917.95035,56.75675675675676,56.10026558998919,87.30163465769935,0.183168317,0.086092715,73436,0.031690141,0.183168317,0.059405941,0.182186235,0.291666667,0.131188119,0.0,0.314606742,0.033707865,0.0,0.453441296,0.0,0.0,1915.0,345000.0,0.036437247,11.351351351351353,14330.42108230233
211,360290065011,1069181.3803,1063297.07196,80.28169014084507,47.79910792551898,89.89807246755734,0.167755991,0.057755776,47262,0.0,0.065359477,0.227668845,0.148883375,0.688995215,0.416122004,0.032722513,0.161290323,0.193548387,0.0,0.158808933,0.037220844,0.01416122,1900.0,315500.0,0.074441687,10.7981220657277,14459.69937663381
212,360290065012,1068335.55003,1063271.32703,74.43181818181817,54.86627799935447,89.89247732861685,0.166498486,0.078988942,42869,0.014066496,0.110998991,0.19778002,0.144869215,0.581632653,0.136226034,0.0,0.289738431,0.018108652,0.0,0.350100604,0.068410463,0.0,1900.0,309500.0,0.044265594,5.113636363636364,14829.698934004062
213,360290065013,1067621.98951,1063273.07416,52.13270142180095,52.89099976743647,85.01859605116255,0.052730697,0.141221374,40736,0.01216545,0.248587571,0.141242938,0.176282051,0.08,0.024482109,0.0,0.267647059,0.008823529,0.0,0.532051282,0.0,0.0,1900.0,183000.0,0.105769231,6.6350710900473935,15180.610489592678
214,360290065014,1066980.72947,1063258.79875,46.51162790697674,58.91657564503745,85.22750379602398,0.177130045,0.01384083,30290,0.0,0.235426009,0.096412556,0.073578595,0.0,0.219730942,0.004587156,0.279761905,0.0,0.0,0.401337793,0.0,0.0,1900.0,136500.0,0.193979933,6.395348837209303,15523.445390408084
215,360290066011,1067684.17583,1061956.6365,42.85714285714285,63.315360306566525,92.36960627421566,0.451038576,0.260869565,21019,0.106666667,0.06231454,0.275964392,0.270114943,0.806451613,0.65578635,0.21474359,0.184126984,0.193650794,0.0,0.201149425,0.0,0.0,1900.0,166000.0,0.408045977,12.857142857142856,15076.226140131072
216,360290066012,1068930.29135,1061662.28495,58.27338129496403,57.47103607027924,87.4643,0.054922974,0.009990917,52254,0.0,0.087073007,0.069658406,0.094052559,0.326923077,0.168117883,0.0,0.161979753,0.028121485,0.0,0.387275242,0.0,0.0,1900.0,287000.0,0.048409405,8.273381294964029,14483.219575663676
217,360290066013,1067373.34995,1061465.89057,85.22727272727273,57.32339436350692,92.81487640296692,0.06122449,0.0,21493,0.190600522,0.083487941,0.278293135,0.121848739,0.0,0.777365492,0.084033613,0.276515152,0.079545455,0.0,0.344537815,0.054621849,0.0,1900.0,148000.0,0.12605042,22.727272727272727,15239.897048388328
218,360290066021,1070618.80131,1061980.97107,30.269058295964125,52.04854479952643,83.81028075233556,0.011664899,0.023012552,75809,0.0,0.319194062,0.172852598,0.196428571,0.0,0.128313892,0.009389671,0.307560137,0.515463918,0.0,0.69047619,0.0,0.0,1990.0,172428.0,0.069444444,2.0179372197309418,13842.345778162757
220,360290066023,1072173.53804,1061621.84608,49.42528735632184,38.12933179530349,86.20671744219507,0.256373938,0.032258065,47394,0.101769912,0.315436242,0.02147651,0.286956522,1.0,0.377181208,0.0,0.111926606,0.513761468,0.0,0.143478261,0.030434783,0.084563758,1910.0,334000.0,0.539130435,10.344827586206897,13399.980191533905
221,360290067011,1067807.809,1060069.02423,104.94296577946768,52.95417264741152,90.64814767462674,0.274170274,0.0,38976,0.024,0.053391053,0.0,0.057742782,0.0,0.282828283,0.077922078,0.23373494,0.081927711,0.0,0.149606299,0.0,0.0,1900.0,179500.0,0.175853018,18.250950570342205,15092.354514138597
222,360290067012,1069094.96618,1060020.27497,47.23618090452261,53.65872756704239,87.98384193658741,0.169856459,0.051118211,46850,0.035317201,0.066985646,0.059808612,0.261558785,0.0,0.197966507,0.010836845,0.178960097,0.401451028,0.0,0.309114927,0.0,0.0,1900.0,292000.0,0.22985469,9.547738693467336,14492.752778543145
223,360290067013,1068941.01948,1058057.52163,22.89156626506024,55.22876035217287,89.1071,0.075213675,0.100456621,41030,0.0,0.237606838,0.0,0.142322097,0.0,0.162393162,0.0,0.0,0.637640449,0.0,0.08988764,0.074906367,0.0,1950.0,81000.0,0.479400749,7.228915662650602,14867.359825869342
224,360290067014,1068717.8849,1059276.4587,31.67701863354037,56.3709840223866,88.85821950733649,0.002902758,0.10982659,59302,0.042662116,0.162554427,0.113207547,0.0,0.576923077,0.274310595,0.0,0.227459016,0.229508197,0.0,0.341880342,0.0,0.0,1900.0,296000.0,0.194444444,6.832298136645963,14748.68366608475
225,360290067021,1071710.17753,1059674.62079,30.303030303030305,60.831462761909286,88.50928415131818,0.410085633,0.078544061,29678,0.0,0.216936251,0.104662226,0.325722983,1.0,0.236917222,0.0,0.105555556,0.6,0.0,0.135464231,0.111111111,0.0,1961.0,104000.0,0.321156773,12.87878787878788,13625.272144297089
226,360290067022,1070369.92891,1059745.35034,31.759656652360512,55.219730011272645,87.84287573966714,0.097243492,0.0,78219,0.053182214,0.13419257,0.13040182,0.3184,0.0,0.148597422,0.0,0.089574156,0.390602056,0.0,0.2176,0.0,0.030326005,1910.0,405000.0,0.1808,3.862660944206009,14028.616601931037
227,360290067023,1071321.19661,1058018.01578,139.1304347826087,46.324420715999175,92.9286,0.344916345,0.04,33144,0.116554054,0.19047619,0.023166023,0.271794872,1.0,0.567567568,0.0,0.037914692,0.881516588,0.0,0.027350427,0.0,0.0,1900.0,354000.0,0.201709402,21.73913043478261,14008.321198217824
228,360290067024,1070175.0196,1058045.4019,44.89795918367347,61.5935740523299,91.1008253758618,0.112866817,0.0,30386,0.112866817,0.216704289,0.0,0.139037433,0.0,0.571106095,0.0,0.048262548,0.708494208,0.0,0.0,0.018716578,0.0,1929.0,356000.0,0.42513369,14.285714285714285,14376.34057563563
229,360290068011,1070723.39948,1055906.10007,53.84615384615385,72.71774528735945,100.65490372563993,0.061148397,0.047713718,52561,0.004127967,0.029082774,0.168530947,0.081743869,0.053097345,0.382550336,0.006369427,0.045560748,0.433411215,0.0,0.222070845,0.0,0.020134228,1900.0,282000.0,0.113079019,8.173076923076923,14773.261001894758
230,360290068021,1069202.05805,1057133.93174,100.61728395061728,53.03340686070305,90.58675492182458,0.249635036,0.0,40951,0.017175573,0.081751825,0.16350365,0.380630631,0.455357143,0.255474453,0.04400607,0.23553719,0.508264463,0.0,0.220720721,0.0,0.01459854,1890.0,277000.0,0.308558559,20.98765432098765,14976.544115763496
231,360290068022,1068683.61441,1056091.70135,80.0,54.19135194519571,96.85569422256478,0.076171875,0.066312997,49870,0.0,0.177734375,0.103515625,0.127388535,1.0,0.248046875,0.0,0.217277487,0.112565445,0.0,0.576433121,0.0,0.0,1900.0,214000.0,0.143312102,13.448275862068964,15512.491793425994
232,360290068023,1069891.88043,1056477.77072,66.96428571428571,83.69836635261065,97.32655246102205,0.177598385,0.0,72405,0.07117853,0.047426842,0.100908174,0.109589041,0.0,0.14530777,0.0,0.173690932,0.237547893,0.0,0.260273973,0.018835616,0.0,1893.5,274500.0,0.188356164,12.946428571428571,14887.161687340584
233,360290069011,1066578.0775,1061055.53262,44.89795918367347,60.61064074869879,94.1429,0.250489237,0.0,18393,0.2984375,0.090019569,0.338551859,0.346749226,0.526011561,0.721135029,0.185068349,0.291021672,0.0,0.0,0.362229102,0.086687307,0.000978474,1900.0,121500.0,0.179566563,13.26530612244898,15699.622081376938
234,360290069012,1066158.58506,1060121.92116,34.22818791946309,44.10106500270821,91.68210159694898,0.220149254,0.042622951,18088,0.57204611,0.021455224,0.297574627,0.150837989,0.392996109,0.742537313,0.297504798,0.312655087,0.019851117,0.0,0.220670391,0.055865922,0.0,1900.0,127000.0,0.156424581,11.409395973154362,16015.605790753934
235,360290069013,1064825.6831,1060958.7273,32.30769230769231,46.01868300814253,87.77723938981681,0.270951481,0.063235294,21396,0.247630332,0.058601134,0.420289855,0.344294004,0.457286432,0.763705104,0.116511794,0.247678019,0.0,0.0,0.276595745,0.152804642,0.0,1903.0,106000.0,0.361702128,10.76923076923077,16825.17680195158
236,360290069014,1065357.89022,1059739.02829,49.375,39.47376295084127,87.9844818517408,0.492592593,0.0,75020,0.462121212,0.22962963,0.238888889,0.652173913,0.15503876,0.583333333,0.150627615,0.232198142,0.244582043,0.0,0.294314381,0.0,0.0,1890.0,106500.0,0.56187291,7.5,16566.30517187464
237,360290069031,1067468.01909,1058678.77305,50.413223140495866,58.42498451223382,86.62388845684919,0.122529644,0.078465562,40897,0.179674797,0.103331451,0.162055336,0.2725,0.057142857,0.46188594,0.116335142,0.230854606,0.015538291,0.0,0.47375,0.045,0.005081875,1900.0,175000.0,0.11375,9.641873278236917,15462.252486521762
238,360290069041,1066729.5816,1056937.80794,53.10734463276836,49.98057918507043,89.61106208909729,0.329749104,0.14380531,28166,0.131818182,0.086021505,0.227001195,0.333333333,0.547368421,0.572281959,0.040100251,0.114882507,0.046997389,0.0,0.115942029,0.054347826,0.0,1900.0,215500.0,0.278985507,10.734463276836156,16265.009218198333
239,360290069042,1066246.05347,1058575.95766,43.51145038167939,49.26510676586655,85.87794426148395,0.357522124,0.097402597,25964,0.328981723,0.099115044,0.254867257,0.249056604,0.819444444,0.810619469,0.219469027,0.148484848,0.290909091,0.0,0.241509434,0.0,0.024778761,1900.0,133000.0,0.260377358,4.580152671755725,16178.175368940523
240,360290069043,1066663.2286,1057598.30481,68.37606837606837,47.74126813706226,85.7143,0.346733668,0.084337349,20377,0.412162162,0.113461538,0.208653846,0.425581395,0.47133758,0.539423077,0.108653846,0.049450549,0.395604396,0.0,0.288372093,0.051162791,0.176923077,1900.0,193000.0,0.393023256,18.803418803418804,16135.116195921111
241,360290070001,1063166.25401,1060244.42665,43.38842975206612,43.52102850447162,87.76693633822362,0.117124394,0.042674253,25704,0.18469657,0.092084006,0.298061389,0.24726477,0.104651163,0.710016155,0.073272273,0.212631579,0.052631579,0.0,0.393873085,0.0,0.0,1900.0,91000.0,0.168490153,9.090909090909092,18072.28762753976
242,360290070002,1063495.203,1057038.27313,44.31137724550898,35.56923498637571,91.41730252348972,0.614035088,0.0,18036,0.280412371,0.100103199,0.367389061,0.174940898,0.930379747,0.702786378,0.183486239,0.106145251,0.387337058,0.0,0.193853428,0.0,0.0,1900.0,105000.0,0.661938534,8.982035928143713,18368.66773696398
243,360290070003,1064782.82718,1058402.68944,43.93305439330544,50.34494506468187,88.35692069672908,0.020853081,0.050724638,27940,0.108910891,0.090452261,0.280569514,0.233944954,0.406153846,0.61641541,0.0639481,0.284294235,0.0,0.0,0.419724771,0.0,0.119765494,1899.0,144000.0,0.220183486,9.205020920502092,17158.16062607717
244,360290071022,1068805.70412,1053660.29154,88.60759493670885,52.38752179112552,101.68636426585498,0.216397849,0.0,67248,0.096330275,0.200268817,0.029569892,0.234177215,1.0,0.310483871,0.034946237,0.277680141,0.170474517,0.0,0.398734177,0.0,0.005376344,1900.0,229500.0,0.316455696,18.35443037974684,16399.09409142396
245,360290071023,1068342.98696,1054522.11536,53.23741007194245,72.38750274383551,98.91572465219402,0.429042904,0.119760479,26021,0.221461187,0.087458746,0.143564356,0.123376623,0.747126437,0.737623762,0.325663717,0.030395137,0.255319149,0.0,0.292207792,0.0,0.0,1900.0,182000.0,0.334415584,15.107913669064748,16243.529049828052
247,360290071032,1065548.56195,1055382.62759,27.3972602739726,42.47215521918781,95.25266289483324,0.799375488,0.101754386,10758,0.19394773,0.07496136,0.404173107,0.439121756,0.247058824,0.887171561,0.219512195,0.16221374,0.082061069,0.0,0.0,0.157684631,0.0,1900.0,95000.0,0.568862275,1.36986301369863,17463.83776213512
248,360290071041,1067575.51917,1055674.46227,35.714285714285715,47.846311108728,98.12431567527766,0.726315789,0.0,15133,0.040358744,0.0,0.413157895,0.25,0.318471338,0.405263158,0.091922006,0.519125683,0.0,0.0,0.178571429,0.0,0.0,1900.0,158000.0,0.335714286,12.5,16190.103600322407
249,360290071042,1067520.17725,1054924.92335,48.554913294797686,44.88033782105708,98.21653344183308,0.32261522,0.206,24580,0.113798009,0.058885384,0.213459516,0.364361702,0.654054054,0.76340694,0.100552486,0.139303483,0.124378109,0.0,0.284574468,0.058510638,0.036803365,1900.0,150000.0,0.119680851,19.07514450867052,16491.582344859016
251,360290071044,1066007.02277,1054143.78874,75.0,25.017836757990864,97.32297095301486,0.637096774,0.166666667,11913,0.341346154,0.05577957,0.302419355,0.540952381,0.639722864,0.959005376,0.233853007,0.130662021,0.393728223,0.0,0.03047619,0.07047619,0.0,1900.0,66000.0,0.403809524,4.545454545454546,17649.717513300988
252,360290072021,1065686.67363,1051878.53611,10.15625,44.43672925854614,99.8124831034756,0.181698486,0.101651842,59234,0.074103586,0.252139566,0.115207373,0.294520548,0.806451613,0.599736669,0.088394062,0.015706806,0.798429319,0.0,0.302348337,0.061643836,0.0,1989.0,366984.0,0.260273973,3.6458333333333335,18863.08905623446
253,360290163001,1079970.70056,1047236.79029,43.609022556390975,48.46298065065279,128.09720653325684,0.549132948,0.472222222,13414,0.140243902,0.098265896,0.271676301,0.712280702,0.722222222,0.306358382,0.008941878,0.557863501,0.0,0.026706231,0.421052632,0.0,0.0,1900.0,36000.0,0.456140351,7.518796992481203,18063.6992757588
254,360290163002,1084202.67409,1048621.87493,36.75213675213676,50.61124293027257,128.14243335238115,0.180043384,0.0,25914,0.081012658,0.119305857,0.125813449,0.376811594,0.637931034,0.260303688,0.0,0.46866485,0.0,0.0,0.394927536,0.0,0.0,1900.0,41500.0,0.134057971,9.401709401709402,18175.61946586489
256,360290164001,1072048.39696,1046509.53802,109.09090909090908,36.0930176276657,118.36252621200909,0.44500846,0.0,30664,0.418287938,0.221658206,0.037225042,0.440715884,1.0,0.741116751,0.181049069,0.018214936,0.912568306,0.0,0.022371365,0.0,0.0,1900.0,47000.0,0.704697987,27.27272727272727,19253.80312670155
257,360290164002,1076765.04222,1047930.1863,35.68075117370892,50.9855405889531,121.10360560292234,0.101867572,0.091205212,40163,0.300952381,0.278438031,0.0,0.322751323,0.0,0.417657046,0.040747029,0.511952191,0.089641434,0.0,0.365079365,0.042328042,0.010186757,1900.0,45000.0,0.185185185,17.84037558685446,17532.360970135265
259,360290164004,1076706.46504,1046051.06208,66.90140845070422,41.059729794583056,125.39602683711398,0.379685611,0.05952381,19509,0.305007587,0.021765417,0.107617896,0.554166667,1.0,0.085852479,0.0,0.437984496,0.069767442,0.0,0.45,0.129166667,0.0,1900.0,39000.0,0.245833333,11.971830985915492,18760.487012521065
260,360290164005,1074297.08363,1046717.02163,40.625,55.64062467202619,120.70498970974324,0.402439024,0.0,14484,0.390243902,0.219512195,0.0,0.352941176,0.0,0.402439024,0.0,0.067924528,0.396226415,0.0,0.568627451,0.0,0.0,1900.0,43000.0,0.431372549,7.8125,18595.169878135108
261,360290165001,1070354.85885,1050081.41483,33.94495412844037,48.93241723851296,109.85937664302097,0.171919771,0.037593985,46427,0.087215064,0.025787966,0.068051576,0.054127199,0.569620253,0.49713467,0.0,0.009308511,0.910904255,0.0,0.01759134,0.01623816,0.25,1955.0,98782.0,0.129905277,3.669724770642202,17592.231624137192
262,360290165002,1070873.6151,1053500.48709,40.909090909090914,54.4576915179837,105.94029583891307,0.343799058,0.0,93273,0.190705128,0.183673469,0.014128728,0.246511628,1.0,0.510204082,0.100318471,0.0,0.83030303,0.0,0.279069767,0.0,0.150706436,1993.0,225000.0,0.325581395,9.090909090909092,15663.300745487486
263,360290166001,1078698.84675,1054669.3531,31.11111111111111,40.98929631613377,109.6061878587235,0.28150874,0.217252396,13172,0.301369863,0.09475621,0.493100276,0.405594406,0.444029851,0.97700092,0.048840049,0.497641509,0.0,0.0,0.674825175,0.13986014,0.0,1910.0,23000.0,0.548951049,11.11111111111111,14221.197433422294
264,360290166002,1079272.60375,1056909.34258,47.05882352941176,41.57029253803447,107.30362569245476,0.518207283,0.0,8934,0.676470588,0.526610644,0.210084034,0.829411765,1.0,0.879551821,0.205787781,0.359223301,0.199029126,0.0,0.276470588,0.005882353,0.028011204,1905.0,24000.0,0.758823529,12.418300653594772,13612.334124609088
265,360290166003,1078333.15146,1056384.03271,32.972972972972975,36.76757045432614,106.35345546017264,0.448609432,0.179039301,17066,0.076923077,0.160822249,0.174123337,0.368737475,1.0,1.0,0.0,0.516441006,0.0,0.0,0.571142285,0.0,0.0,1900.0,24000.0,0.412825651,9.72972972972973,13648.35771362704
266,360290166004,1076727.67703,1054602.70717,23.00613496932516,37.50668948063517,107.98771386307328,0.039175258,0.05907173,25468,0.095671982,0.083333333,0.128968254,0.351020408,1.0,0.970238095,0.001984127,0.583038869,0.067137809,0.0,0.824489796,0.0,0.063492063,1910.0,29000.0,0.326530612,10.736196319018406,14169.98345210144
267,360290167001,1089442.46845,1047394.36715,60.57347670250897,46.84343626271302,141.03225352282237,0.129296236,0.021097046,33694,0.084479371,0.127659574,0.10801964,0.435087719,1.0,0.144026187,0.0,0.495677233,0.0,0.0,0.561403509,0.0,0.0,1920.0,75000.0,0.087719298,15.053763440860216,21110.77313682165
268,360290167002,1088502.7506,1047054.01088,48.6013986013986,49.25767219401047,142.51312923302686,0.41588785,0.328912467,26733,0.188065099,0.168224299,0.138629283,0.293849658,1.0,0.41588785,0.0,0.429111531,0.0,0.030245747,0.530751708,0.0,0.0,1920.0,69000.0,0.507972665,10.48951048951049,20787.724422169464
269,360290167003,1087850.0749,1048988.81356,58.73925501432665,47.650208598884255,135.0011773040858,0.489361702,0.076738609,21240,0.261029412,0.194848824,0.217245241,0.2593361,1.0,0.342665174,0.016,0.528985507,0.036231884,0.0,0.497925311,0.0,0.0,1925.0,71000.0,0.176348548,22.922636103151863,19483.7308471
270,360290168011,1074670.01562,1059268.01071,32.594936708860764,40.19630223039995,95.54796653965688,0.191855204,0.075085324,21860,0.098387097,0.098920863,0.17176259,0.218241042,0.461956522,0.951438849,0.068441065,0.39213198,0.0,0.0,0.615635179,0.058631922,0.006294964,1900.0,56000.0,0.426710098,8.860759493670885,13119.667647542708
271,360290168012,1072928.93331,1059948.71842,50.175438596491226,50.26613264638304,93.49659919182962,0.252252252,0.095717884,19104,0.112299465,0.160875161,0.154440154,0.303398058,0.1,0.888030888,0.117728532,0.321428571,0.197368421,0.0,0.45631068,0.0,0.068211068,1900.0,63000.0,0.400485437,15.087719298245611,13311.93704507364
272,360290168021,1074786.9162,1063359.78049,38.21656050955414,52.56394455870644,96.72490318132886,0.102917342,0.078651685,27303,0.148018648,0.138573744,0.108589951,0.319148936,0.653061224,0.987034036,0.0,0.353251318,0.105448155,0.0,0.395744681,0.0,0.0,1910.0,48000.0,0.172340426,10.191082802547772,13066.100090979757
273,360290168022,1074626.87764,1061333.82285,38.21428571428571,42.30180437899031,96.31373423671646,0.262449529,0.035608309,30791,0.080733945,0.160206718,0.210594315,0.435215947,0.702898551,0.897932817,0.0,0.539503386,0.015801354,0.0,0.471760797,0.03654485,0.07622739,1900.0,48000.0,0.189368771,10.0,12978.714392825566
274,360290169001,1070893.88106,1063866.86231,48.87218045112782,49.92706844744656,83.72133051375279,0.071284465,0.093160377,85054,0.0,0.133600534,0.287909152,0.176271186,0.0,0.19505678,0.0,0.367816092,0.3727422,0.0,0.647457627,0.0,0.0,1910.0,361500.0,0.110169492,9.774436090225564,13911.271676408862
275,360290169002,1070695.87817,1062962.22058,28.10457516339869,52.28798873014197,84.00775486893653,0.04451683,0.019267823,69192,0.00129199,0.289839572,0.114438503,0.161354582,0.376344086,0.201069519,0.0,0.335216573,0.231638418,0.0,0.59561753,0.0,0.004278075,1973.0,198000.0,0.099601594,3.2679738562091507,13870.959857933556
276,360290169003,1072879.65146,1063419.83124,46.60633484162896,43.296346259507615,91.92462140456732,0.301549464,0.117647059,34549,0.113752122,0.250572082,0.187643021,0.433168317,0.8,0.411899314,0.0,0.177184466,0.514563107,0.0,0.225247525,0.01980198,0.040045767,1904.5,217500.0,0.235148515,9.049773755656108,13354.817548487865
277,360290169004,1072989.78989,1064682.1918,58.53658536585365,50.70693228122133,90.9843295829982,0.225508318,0.020380435,23314,0.013257576,0.0,0.019955654,0.052631579,0.0,0.39985218,0.0,0.255434783,0.255434783,0.0,0.256965944,0.0,0.60014782,1905.0,185000.0,0.176470588,12.195121951219512,13527.523317747771
278,360290170001,1084502.76611,1066126.63657,33.155080213903744,43.2666043382977,87.78157183614931,0.042769857,0.049180328,45450,0.076112412,0.106924644,0.073319756,0.226980728,1.0,0.958248473,0.0,0.758483034,0.0,0.0,0.817987152,0.0,0.0,1920.0,43000.0,0.263383298,13.368983957219251,15166.1665011124
279,360290170002,1083101.4508,1066250.9959,42.10526315789473,39.90286786835246,85.71464471038787,0.275635767,0.3012939,21589,0.185221675,0.289581624,0.127973749,0.436532508,1.0,0.99097621,0.0,0.636588381,0.0,0.0,0.76625387,0.0,0.013945857,1920.0,43000.0,0.236842105,12.550607287449392,14661.168551625757
280,360290170003,1080934.65611,1065883.94748,57.44680851063831,41.45621313191023,87.50535180166499,0.361403509,0.427710843,17408,0.0,0.322807018,0.094736842,0.564102564,1.0,1.0,0.0,0.516853933,0.0,0.0,0.455128205,0.0,0.0,1920.0,43000.0,0.724358974,19.8581560283688,13942.98747881606
281,360290171001,1062837.38453,1066882.33072,40.11627906976744,50.14182197638893,80.75051678987793,0.538167939,0.155963303,20461,0.330808081,0.039440204,0.292620865,0.1,1.0,0.683206107,0.0,0.287234043,0.212765957,0.0,0.356,0.0,0.0,1890.0,72000.0,0.24,8.13953488372093,18891.37760456412
282,360290171002,1066035.0181,1066474.9945,60.69868995633188,53.1777758635933,79.7733794687837,0.464958553,0.05399568,14444,0.166416792,0.070836473,0.407686511,0.202672606,0.276169265,0.59080633,0.065587045,0.210420842,0.0,0.0,0.251670379,0.0,0.0,1900.0,84500.0,0.236080178,13.537117903930133,16657.78752195187
283,360290171003,1066213.97587,1065488.7516,59.83606557377049,67.42631378024345,81.8747382522858,0.228873239,0.054054054,26053,0.103703704,0.065140845,0.25528169,0.150470219,1.0,0.306338028,0.015122873,0.181208054,0.042505593,0.0,0.263322884,0.037617555,0.0,1900.0,100000.0,0.429467085,9.836065573770492,16313.37806051206
284,360290171004,1065259.3164,1065302.67889,52.03619909502263,58.43553053532363,85.74636909618981,0.073667712,0.0,24276,0.416901408,0.086206897,0.39184953,0.269230769,0.0,0.536050157,0.035897436,0.549019608,0.0,0.0,0.427884615,0.096153846,0.0,1900.0,76000.0,0.278846154,5.88235294117647,16865.95511300378
285,360290171005,1067129.35598,1067915.37685,48.27586206896552,51.83200543288281,82.43276643333574,0.396995708,0.110481586,10377,0.333333333,0.073819742,0.298712446,0.257990868,0.27443609,0.818025751,0.009287926,0.442344045,0.251417769,0.0,0.257990868,0.075342466,0.265236052,1900.0,53000.0,0.433789954,8.620689655172415,16490.433140099904
