his_num_311_per_property,neighbor_his_num_per_property,snow_depth,percent_below_poverty,percent_civilian_unemployed,per_capita_income,percent_no_highschool,percent_65older,percent_17younger,percent_household_disability,percent_single_parent_household,percent_minority,percent_notwell_english,percent_singleunits,percent_multiunit,percent_mobile_homes,percent_owneroccupiedunit,percent_crowding,percent_group_quarters,median_year_properties_built,median_value_properties_built,percent_no_vehicle,lon,lat
-1.929953642,-0.051060927,0.275907583,0.009862269,-0.020625387,0.193883233,-0.00320455,0.094770485,8.04E-05,0.261292416,-0.049574654,-0.491775613,0.015038692,0.08319807,0.043197338,-0.005602663,-0.123210253,0.004156229,0.038600275,0.260015749,-0.149603759,0.244311602,0.002165439,-0.194501071
-2.293405778,-0.147890275,0.198447862,-0.050234935,0.046455053,0.104707717,0.016304349,-0.046704,-0.041906397,0.04436098,0.085677089,-0.776882232,-0.019438349,-0.035247796,0.000637425,-0.008912856,-0.234730361,-0.015981905,0.078970342,0.069324591,-0.225409918,-0.049594427,-0.082795237,-0.323852014
0.120095752,-0.067718514,0.459672146,0.016764665,-0.015500431,0.048037408,-0.059822382,0.016359624,-0.046317754,-0.040876172,0.083381938,-0.549434163,-0.043369049,0.030393292,-0.025015331,-0.002672886,-0.127238042,0.005823006,0.055188384,-0.123142235,0.254048304,0.081270852,-0.053328754,-0.152437988
-0.28524775,-0.082436544,0.34519028,-0.04212876,0.014050746,0.032297462,-0.020153436,-0.001000003,-0.067575452,-0.259119946,-0.103926822,-0.647882056,-0.111784408,-0.056412568,-0.047578002,-0.002620304,-0.017349616,-0.013477365,-0.007124279,0.02026276,-0.162853806,-0.017006759,-0.118247711,-0.150772093
-1.445417325,-0.054860785,0.306165006,0.033828716,0.099417576,0.173566306,0.147859173,0.10761661,0.303423376,0.068474532,-0.004027813,-0.317696863,0.133045544,0.007506718,0.016970112,0.120197225,0.108621993,-0.001189111,0.090421189,0.026923796,-0.090697856,0.052376333,-0.030891855,-0.069734098
-2.317850842,-0.12554576,0.230428361,-0.064773267,-0.092362223,-0.043563334,0.023209477,-0.04682577,-0.020243942,-0.159693349,-0.138822233,-0.77770241,-0.010814924,-0.05740411,0.003436531,-0.008144522,-0.12718717,-0.003034907,-0.159251037,0.131988612,-0.257798868,-0.038803,-0.068823627,-0.345847006
-1.831953155,-0.070883012,0.289504379,-0.033188458,-0.037770767,0.134922722,-0.033683463,-0.050918715,-0.060965764,0.063219608,-0.028529704,-0.57222099,-0.019069744,0.050064991,0.020801312,0.08626835,0.0076795,0.00197427,0.087760873,0.205226511,0.027173528,-0.036416238,-0.058961918,-0.13107311
-0.269084605,0.100563016,0.261781712,0.022882157,-0.025910778,0.040578,-0.042854463,-0.067914838,0.033303683,0.044328927,-0.023157268,-0.432016989,-0.052894529,0.088140017,-0.006589233,-0.001947198,-0.208368045,-0.004713784,0.024000145,-0.114774362,0.22173121,-0.022847624,0.040905358,0.164032789
-0.952814547,-0.205562488,0.14042641,-0.038321088,-0.100458447,-0.023717063,-0.08924177,-0.064427542,-0.162432448,0.088419564,-0.015381977,-1.388488396,-0.167136213,-0.076759646,-0.023510364,-0.002192693,-0.040062015,-0.0191695,-0.015374349,-0.1456836,0.092581737,-0.071122214,-0.124936561,0.075476137
-0.713875699,-0.094198543,0.287637189,-0.021768616,-0.004186398,0.017407831,0.115970496,-0.039100758,-0.033391348,-0.16333724,-0.038624451,-0.521200088,-0.017715019,0.046446936,-0.003696376,0.027968367,-0.118555775,0.000170092,0.108611916,0.160164116,-0.189733483,0.10765883,0.035931706,-0.260267574
-2.235322959,-0.233555701,0.179828953,-0.034049491,-0.078646103,-0.017734867,0.051854056,-0.021788473,0.024066942,-0.024342193,-0.099952449,-1.134200109,-0.012635871,0.003923958,0.011740812,-0.007703279,-0.176960459,-0.000618286,-0.011795022,0.087557764,-0.329351569,-0.026203017,0.007269123,-0.453040794
-2.442365011,-0.239459044,0.173791884,-0.015978492,-0.045632407,-0.213591618,0.049195489,-0.006961056,-0.019449965,-0.116196263,-0.11597304,-1.292656666,-0.005997063,-0.03323681,0.003532022,-0.007052432,-0.169732115,-0.001176611,0.074108821,-0.032435749,-0.37958553,0.02420324,0.010485989,-0.527693768
-0.97501798,-0.239452417,0.147172642,-0.066638937,0.013100079,-0.083674352,-0.075664698,0.097448762,-0.046382448,-0.045142645,0.038915301,-1.316064051,-0.041440855,-0.02045673,-0.030240071,-0.003812236,-0.214424235,-0.006214921,-0.08192458,0.041896243,-0.27240032,0.027097585,-0.015111521,-0.53826284
-1.972348023,-0.061688304,0.102890834,-0.067393696,-0.003440903,-0.128581659,0.088568855,0.030654724,0.024612174,-0.113013695,-0.042775078,-1.152358,-0.009482072,0.005654246,0.016425191,-0.005777693,-0.158209205,-0.00217692,0.129627176,0.193152614,-0.296465449,0.165712243,0.101333145,-0.463819724
-2.483509332,-0.33594971,-0.026867629,-0.128530471,-0.085857845,-0.171173158,0.031579952,-0.052301469,-0.055860018,-0.154400366,-0.20506134,-1.377326305,-0.017225656,-0.046410499,-0.000136084,-0.007796904,-0.216887465,-0.004132835,0.078464015,-0.074020472,-0.41933462,0.040891723,0.037705274,-0.589814563
-2.702163786,-0.254025615,0.011462942,-0.088838823,-0.088663249,-0.182321375,-0.02785272,-0.024571439,-0.026583005,-0.00434913,-0.111853037,-1.304337759,-0.011139578,-0.014224367,-0.000158335,-0.007348012,-0.202850609,-0.004093627,-0.21178632,-0.038642275,-0.404033131,0.119265163,0.084593145,-0.708099147
-2.599408499,-0.222321338,0.044111725,-0.095078502,-0.097197439,-0.214989991,0.016700766,0.004268606,-0.029274477,-0.150635682,-0.046716575,-1.305515662,-0.04890306,0.010552982,-0.032854899,-0.007956913,-0.108585802,-0.002672323,-0.24146106,-0.055434436,-0.409514044,-0.057450989,0.031669517,-0.677082033
-2.385384339,-0.223249472,0.041143303,-0.091173179,-0.102449391,-0.206647202,0.052482653,-0.016878108,-0.06728,-0.147370194,-0.172806588,-1.378837002,-0.017070338,-0.023023724,0.002269072,-0.008142865,-0.200570307,-0.007172199,-0.186315548,-0.003499014,-0.395478666,-0.000550337,0.008136512,-0.578894816
-2.065391334,-0.081975069,0.277987265,-0.064259266,-0.07232633,0.019687309,-0.040431448,-0.042189154,-0.020774965,0.050246489,-0.079675849,-0.677643047,-0.016125373,-0.043633869,-0.007153325,-0.007496471,-0.220840054,0.000325567,0.117260908,0.106794853,-0.26007015,0.111068638,-0.024084177,-0.326040668
-0.833198049,-0.135109008,0.235337546,-0.019940649,0.064447078,-0.031973929,0.034508139,-0.052015463,-0.041261196,-0.011892751,-0.05374248,-1.062935324,-0.03430874,-0.008795214,-0.014605376,-0.003679682,-0.2284885,-0.000418411,0.10174172,0.078362949,-0.203193,0.073262445,-0.064905274,-0.217197191
-2.161242181,-0.135516122,0.129551878,-0.044262597,-0.002461058,-0.01474962,-0.035837515,-0.055071796,-0.072441378,-0.095389849,-0.107985614,-0.964697673,-0.03070506,-0.090400826,-0.033085799,-0.006865862,-0.258554415,-0.004475791,-0.40838225,0.083966936,-0.367785945,0.007623237,-0.012655752,-0.508405145
-0.677020348,-0.101115484,0.225545844,-0.046529559,-0.057702469,-0.066987198,0.025618939,-0.034836219,-0.033805521,-0.128070517,-0.067814932,-1.101330461,-0.029889717,0.029918643,-0.001661008,-0.002991618,-0.204145739,-0.003384696,0.097426163,0.165397356,-0.197346218,0.12254961,0.102517521,-0.418139545
-2.416782013,0.014773512,0.232525692,-0.07729296,-0.065405087,-0.081812802,0.063683064,0.092765069,-0.024686643,0.15071667,-0.074480772,-1.15047844,0.006626233,0.010558397,0.017218857,-0.006066998,-0.201783263,-0.001906993,0.096866857,0.073156392,-0.293940576,0.037108087,-0.07250824,-0.167786742
-0.308717338,-0.104005368,0.382808472,-0.030304331,-0.030221884,0.019832285,0.021419978,-3.99E-05,-0.031219372,0.094675955,-0.056686349,-0.514014852,-0.030593663,0.051393844,-0.022033499,-0.00274774,-0.23953361,0.00394353,0.088719327,0.180337452,-0.149247009,0.068430601,0.050420739,-0.210768606
-0.832513736,-0.07024012,0.293570927,-0.022261124,-0.004061995,-0.032346744,0.047119179,-0.043858172,0.015087458,-0.157217554,0.108356308,-0.84550119,-0.029121413,0.010408679,0.028618813,-0.003068942,-0.172301582,-0.00537728,0.055557975,0.172657152,-0.205395931,0.082192045,0.121328588,-0.318514904
-1.422685365,-0.095716527,0.217584282,-0.011274586,0.071353699,0.028531545,-0.040674854,0.121414976,-0.017968872,-0.037306111,-0.023815937,-1.01972899,-0.02389695,0.03250513,-0.00113748,-0.005755836,0.076796379,-0.001559317,0.130942731,-0.029471036,-0.133925407,-0.019029723,0.09743137,-0.373155844
0.03961783,-0.0575771,0.519124021,0.082023073,-0.011927347,0.100357536,0.045996796,0.098767465,0.034482304,0.405132049,-0.02198464,-0.234523874,0.013231129,0.018245861,-0.007065139,-0.001589969,0.08405704,0.005912852,0.056021718,-0.068917288,-0.040873803,0.236866727,0.193376057,-0.161465853
-0.968323803,-0.109517567,0.192857226,-0.038478266,-0.037334135,-0.026915144,-0.074825224,-0.080790538,-0.085192229,0.012048171,-0.067737072,-1.214581483,-0.042389878,-0.087324114,0.031224979,-0.003538885,-0.266468617,-0.008310712,-0.26866922,-0.053376584,-0.250228027,0.071473472,0.044222776,-0.512910926
-0.659864007,-0.103819403,0.330022367,0.078740029,0.049618264,0.035048366,0.095215872,-0.069025721,-0.054308433,-0.176603581,-0.059387541,-0.449662422,-0.067874002,-0.034096013,-0.024238177,-0.002035966,-0.009264339,0.019704975,0.073645386,0.049069021,-0.132055521,-0.047467491,0.051149483,-0.152625988
-2.118694748,-0.06390117,0.218677095,-0.063075153,-0.078926503,-0.007796066,0.028007275,0.093680055,-0.047463942,0.0419171,-0.103967115,-1.160086299,-0.018453754,-0.010381539,0.020907481,-0.006861195,-0.223825032,-0.004188396,0.104292047,0.104280023,0.009998457,0.038149327,-0.007032574,-0.216278969
-0.297961231,0.031165948,0.505676054,-0.001304811,-0.014199283,0.048709763,0.061789666,0.07122946,-0.020492145,0.238495379,-0.067795971,-0.349783431,0.049648567,-0.012445586,0.07174486,-0.002113508,0.087052913,-0.002302644,0.039625319,0.112752112,-0.080772476,0.120232116,0.178964143,-0.049203185
-0.620407929,0.000774487,0.256124487,-0.040185886,-0.0480797,0.000920473,-0.060280595,0.051512293,-0.04402145,-0.175842142,0.084893463,-1.163712937,-0.050761804,0.024005715,-0.033299989,-0.002140775,-0.203305156,-0.001731245,0.07816775,0.130227018,-0.202207631,0.057993651,0.004931061,-0.144126383
0.518705689,0.024572597,0.492580599,0.032666969,0.007183295,0.088656237,0.0547923,0.079267237,0.080157662,0.32567339,0.102121499,-0.641823324,-0.047722736,-0.030036888,0.046100813,0.022385628,0.200967697,0.005327529,-0.086546893,-0.114969245,-0.023052825,-0.021218921,0.088086454,0.078654228
16.14038531,0.139797271,0.175305121,-0.002817959,0.319738679,0.012598115,0.111266462,0.593962972,0.117978056,1.414882733,0.165678024,1.429928661,0.02784769,0.021123151,0.228335599,-0.001634712,0.079494398,0.042256226,0.002894344,1.940933478,-0.043335761,0.203479072,0.688047105,1.269978251
0.938065618,0.086701958,0.100296287,0.009828936,-0.05693451,0.026615583,-0.044659654,-0.063778074,-0.011760567,0.084913936,-0.161018232,0.634569739,0.057539659,-0.092332054,-0.004245564,-0.001336949,0.244954304,-0.028926474,-0.069211071,0.686844327,-0.198805551,-0.125574136,-0.018503773,0.256079831
1.232541479,0.186993371,0.155835516,0.057213645,0.328946158,0.065399281,0.010190999,0.016343503,-0.045623316,0.090107618,0.29912606,0.555076816,0.05163226,-0.061316913,0.00272039,-0.00160406,0.226627701,0.004813574,0.024741513,1.044363425,-0.063721198,-0.043079455,0.089625837,0.394091396
-0.785591818,-0.12182357,0.130128497,0.0138268,-0.078431386,0.009679014,0.031547326,-0.016145096,-0.048794014,-0.073198922,-0.148238232,0.599728691,-0.003792575,-0.102305658,0.050612331,-0.00129347,0.235784816,-6.48E-05,0.013559408,0.281706073,-0.126450177,-0.080631881,-0.037063303,0.206161936
-0.028999591,0.125676946,0.182407973,0.026873239,0.001798922,0.019098938,-0.075732949,-0.061204161,-0.068921203,0.021796676,0.178377992,1.369959154,-0.038787292,0.053509512,-0.039720958,-0.001604161,-0.263194479,0.003436808,0.075809943,-0.325212844,0.143040799,-0.094591649,0.009129728,0.283501268
-0.778742096,-0.153800418,0.108334258,0.05210827,0.091488088,0.044717647,-0.074582308,-0.049587925,0.033684621,-0.05533637,-0.100113489,0.904512514,0.096481209,-0.016683345,-0.001954937,-0.001961234,0.068723863,0.000781467,-0.028142422,-0.109030007,0.198956858,-0.10096081,0.019423198,0.144929289
-0.65378295,0.047427711,0.102203753,-0.037066808,0.022354601,0.020988155,-0.083212814,-0.059447484,-0.036628039,-0.003216769,0.104154493,1.085913893,-0.031372326,0.055480052,-0.072320706,-0.001766954,-0.249464011,0.009958403,-0.012242703,-0.155348171,0.201858065,-0.05456803,-0.021762603,0.179698133
0.700299439,0.065112261,0.120528223,0.02536759,0.01147102,-0.031179617,-0.123597144,-0.106230485,-0.08199834,0.156506802,0.007566178,0.480053413,0.120827075,-0.057010103,0.013230704,-0.001198785,0.016196682,0.001675825,-0.023174446,-0.430163218,0.072023539,-0.170795647,-0.054778499,0.039535538
-0.519883765,0.104992028,0.141353883,-0.00769087,0.075206508,0.00027998,-0.127158128,-0.041172559,-0.05924721,0.069563159,-0.118516022,0.827684968,0.043359261,-0.010694578,-0.01595627,-0.001083616,0.003073704,-3.26E-05,0.050604591,-0.193943426,0.144264674,-0.132113292,-0.052815716,0.113241291
0.653867073,0.174941888,0.325069727,0.035895439,0.141800058,0.120709604,-0.01750959,-0.060107657,-0.040028132,0.209999619,-0.002889436,-0.271842308,0.321610878,0.005074949,0.129080806,-0.000892548,-0.019816384,0.029738543,0.004462587,-0.276185627,0.218667423,-0.04237877,0.003576915,0.242184927
0.23574747,0.040695086,0.189606611,-0.009033134,-0.077594392,0.033797954,-0.058059582,-0.009670522,-0.106734299,0.039343951,-0.081240676,-0.513618979,-0.035995809,-0.036566658,-0.08033236,-0.001971254,-0.297080851,-0.047554871,-0.034033815,-0.362440297,0.165282222,-0.055398026,-0.092742934,0.109824128
0.529736417,0.190418065,0.760846861,0.075156116,0.026543829,0.092767638,0.095956212,0.137152526,0.221352033,0.12723579,0.080590213,-0.231178289,-0.010639383,0.137535529,-0.009824579,-0.0019457,-0.030017012,0.008571233,0.064309482,-0.101548017,0.224463603,0.174680783,0.227353871,0.199091721
-1.544876791,0.132705523,0.260909229,-0.052982608,0.065579086,0.074090653,0.043449433,-0.004729362,-0.029536882,0.040518578,-0.033960448,-0.626775063,-0.013788715,0.088820068,0.02089198,-0.003626954,-0.07536472,0.001967277,0.125373792,0.21643326,-0.198029557,0.011090007,0.167995922,-0.031913314
0.080720461,0.161420194,0.506550669,0.127894624,-0.005583192,0.098888563,0.035486217,0.052071909,-0.040893542,0.012890274,-0.059091102,-0.6725742,0.176703243,-0.035402866,-0.023268775,-0.001598766,-0.134502373,0.004843599,0.034223651,-0.158293409,0.112837868,0.13152154,0.219955581,0.09218545
0.037913256,0.105224997,0.37055179,-0.019708945,0.031413829,0.020238645,-0.028800685,-0.074236561,-0.127503337,0.156479252,-0.107250586,-0.411889748,0.032434018,-0.000899901,-0.028550497,-0.001780858,-0.077727591,0.002097398,0.008123906,-0.231000769,0.171134255,-0.0191054,0.13967024,-0.050919785
-0.053424536,0.086863349,0.311386806,0.033102179,0.034765536,0.028896551,-0.066034651,-0.068353421,-0.04310614,0.145432397,-0.08785055,-0.445974196,-0.026803176,0.005323121,-0.014677786,0.010953073,-0.163061131,0.006160886,-0.000792518,-0.183253539,0.128773808,-0.039108638,0.118562829,-0.019314577
-0.430327322,0.066999145,0.185771205,-0.021047027,-0.045098795,-0.008903133,-0.067630078,-0.08408694,-0.141876218,0.025780358,-0.123107245,-0.518381702,-0.083986749,-0.04036669,-0.00356895,-0.00236189,-0.313330921,-0.003385581,0.00886965,0.015826987,0.10006755,-0.030889745,0.031662599,-0.072321587
0.571468229,0.086388753,0.293256454,0.046943731,0.03977723,0.037549924,-0.021835842,0.000153959,-0.010970138,0.336231883,-0.097776315,-0.507651012,-0.080668386,-0.003095922,0.043723971,-0.001631614,-0.043773766,0.005858128,-0.016422349,-0.353680432,0.173120718,-0.086412612,0.033399954,0.002454099
-0.03645342,0.147134823,0.314843544,-0.003148109,0.03015561,0.051463539,-0.038610119,-0.004577149,0.009512189,-0.009901823,0.092287281,-0.586908363,-0.049934375,0.042917616,-0.003905284,-0.001290462,-0.149160112,0.004024369,0.045367768,0.08219944,0.256781456,0.086270845,0.223538066,0.057335854
-0.65241777,0.107394254,0.199982088,0.009970522,0.05703507,0.028759348,-0.039468568,-0.05350816,-0.022631221,0.290699106,-0.042982371,-0.33979037,-0.019320886,0.117285339,0.008004731,-0.00208037,-0.212276768,0.050282434,0.044056547,0.079339985,0.234137299,-0.025351848,0.157676969,0.008014609
0.51489885,0.074654949,0.182485253,-0.006806799,-0.019707537,0.023072564,-0.02261054,-0.073416975,-0.103756997,0.007507814,0.073766599,-0.803972535,-0.133603341,-0.053198592,-0.037341533,0.009573284,-0.270004019,0.008311006,0.018210657,-0.31508225,0.159253564,-0.050082485,0.064628825,-0.111949856
-1.595994552,-0.069946021,0.115358457,-0.042582344,0.045320854,0.041401858,-0.074268365,-0.014657385,-0.051940258,-0.014249261,-0.074857719,-0.611757727,-0.08026971,-0.017810323,0.022638419,-0.004527426,-0.275074508,-0.000395114,0.056591814,0.070409752,0.21346733,-0.090302827,0.091804047,-0.06843328
0.508656836,0.050592046,0.263413214,-0.024665422,0.053805301,0.07870077,0.170587326,0.021908445,-0.016484766,0.107310463,0.024355134,-0.34517443,0.082760504,-0.042889736,-0.029753452,-0.001300029,-0.16607974,0.001744438,0.014566513,-0.284784891,0.298497057,-0.04001211,0.045869251,0.052023583
-0.132002377,-0.141455507,0.106912426,-0.001629104,0.012429657,0.044758688,-0.104864724,-0.072291179,-0.070270765,0.100117254,-0.110868765,0.866869774,-0.026355173,-0.060633952,-0.126425709,-0.001568072,0.199834059,-0.002507297,-0.078840738,-0.293765647,-0.065688047,-0.149341772,-0.009182668,0.033147456
-1.097617899,-0.286077456,0.068488464,-0.033257077,-0.100159206,-0.091085839,0.060095347,-0.114907603,0.039527084,-0.192965316,0.168612728,0.698861543,-0.015945765,0.012940718,-0.053846737,-0.002296907,-0.248514584,-0.001836909,-0.148773048,0.185875486,-0.286355351,-0.059869758,-0.094980752,0.20113882
-0.186455264,-0.072940349,0.213769864,0.100479802,0.112857944,0.09576356,0.018971515,-0.003613373,0.008897761,-0.032725065,-0.038185173,1.709431451,-0.001611523,0.037061773,0.106940127,-0.001968707,0.078990552,0.00599637,0.036807347,0.454241232,-0.063365864,-0.059058397,0.065809464,0.281181013
1.035175715,0.127212294,0.227183742,0.04158901,0.010458658,0.077453259,0.017887548,0.203753198,0.087530031,0.12204944,-0.017753512,0.949651646,0.12118849,0.018700004,0.053196596,-0.001436022,0.272277049,0.042119721,0.026229415,-0.261110693,0.290910998,-0.062634007,0.108913792,0.157803977
0.030475104,0.084155411,0.201620216,0.020260553,0.135979894,0.037474596,-0.044130079,0.032507937,-0.010113166,-0.142585877,0.192651246,1.220897067,0.16793161,0.000968617,-0.032201214,0.000796763,-0.102734532,0.021476921,-0.009672384,-0.262584411,0.11888182,0.173047243,0.051223437,0.087504899
0.767648971,0.14936893,0.312715447,0.040937165,0.078309669,0.107843167,0.110958166,0.096571797,-0.051752203,0.350795177,0.019773151,-0.238948172,0.326802779,0.067885579,-0.009774,-0.001304763,-0.213644425,0.010033984,0.018307107,-0.282099847,0.333881024,0.202239311,0.081332881,0.145626496
0.239715412,0.231083396,0.282392968,0.098149374,0.03622651,0.106589424,0.342224694,0.290532277,0.088946159,0.276106101,0.004274711,1.59107171,0.216922288,0.058381892,0.022826837,-0.001480074,-0.09958754,0.048109594,-0.001019203,-0.150855355,0.376119396,-0.038053432,0.179128326,0.256343063
0.072828329,0.096601955,0.161073267,0.05327501,0.007337888,-0.006323915,-0.062939601,0.170837781,-0.031471552,0.038091595,-0.082154037,1.29361826,0.175280208,-0.00094118,-0.019096019,-0.00125495,0.060446019,-0.002385979,-0.03343477,-0.276552057,0.144503299,-0.155042807,0.101596365,0.014218198
0.751592483,0.051848987,0.122392098,0.03137801,0.010617856,-0.023469295,-0.143137101,-0.097485379,-0.029732185,0.038494903,0.090808209,0.51790434,0.04982773,-0.062868071,-0.044970459,-0.001073034,0.041800474,0.007148366,-0.027164074,-0.455144178,0.087513519,-0.15385419,0.087965801,-0.109474786
0.281502348,0.198431674,0.223727721,0.039265816,0.045489546,0.062363708,-0.047020324,0.185587488,-0.059375399,0.077610204,0.150609708,1.355296672,0.211982936,0.062897541,0.040789306,-0.000701603,0.360039607,0.039311572,0.08479836,-0.233228019,0.276071393,-0.068512317,0.159780642,0.083001996
-0.236930494,0.136470567,0.197135122,0.037457037,0.004898152,-0.010308289,-0.060469029,-0.05711989,-0.017268335,0.276322003,-0.105557009,1.201111148,-0.090843836,0.056557152,0.000848503,-0.00141146,-0.219227979,0.001556277,0.034833419,-0.241100119,0.167648639,-0.121071219,0.220514434,0.051251244
0.339043322,0.041449552,0.183708223,0.024864296,-0.011966159,-0.003673062,0.03078593,-0.04610026,-0.005072313,-0.001421213,-0.081751341,0.758535993,0.130223629,0.064950135,-0.025814962,-0.001325344,-0.219650218,0.001436225,-0.01927151,-0.390615877,0.236247978,-0.149578619,0.145698638,0.021533755
-0.145918831,0.009043106,0.097561237,-0.000178606,0.090090551,0.026267294,-0.108042651,-0.019250747,-0.083870944,-0.061783983,0.109413668,1.018040465,-0.060997431,-0.127293531,-0.021659012,-0.001446971,-0.323488587,-0.000895421,-0.016023058,-0.365031065,-0.011896933,-0.156339786,0.068667861,-0.026357369
0.251135155,0.030494018,0.060847682,-0.015741165,-0.005808874,-0.040797883,-0.024012415,-0.087627088,-0.138982386,-0.10686397,-0.234011557,0.499170282,-0.136366449,-0.049500269,-0.044562188,-0.00110448,0.202648064,-0.002234999,-0.027477486,-0.357177965,0.137025489,-0.026525265,-0.012246707,-0.022078699
1.180703102,0.231769381,0.309834358,0.093710596,0.053183703,0.189586807,0.450798782,0.067516748,0.109799448,0.050455717,0.484237428,1.917252575,0.087624595,0.185507714,0.008809588,-0.000945013,-0.023533089,0.053871471,0.044195237,0.520414079,0.4716898,0.556967587,0.618132668,0.380892332
-0.368055724,0.131622438,0.119942712,0.061795479,0.031777888,-0.058390796,-0.096327309,-0.058643025,-0.017161251,0.132346034,-0.25955315,0.803918468,0.003806425,0.04590472,0.020672122,-0.001524043,-0.007015583,-0.043690818,-0.042898723,0.259019119,0.127593726,-0.198916903,0.248010057,-0.089992541
0.63469525,0.077283108,0.170847109,-0.120276922,-0.019641103,-0.003275664,0.172347516,-0.089266854,-0.067676084,-0.194492614,-0.276745875,1.289916475,0.015255091,-0.081721835,0.008075379,-0.001626114,-0.096958561,-0.006225742,-0.109590063,0.220381364,0.215687478,0.189883003,0.32347965,0.040171293
0.073381229,-0.018314543,0.332881581,0.055863651,0.134981929,0.082468253,0.352417595,0.034430887,0.167213664,0.202282032,-0.018159515,1.517558857,0.02787083,0.067636557,0.014825283,-0.001593209,0.17230613,0.003236632,-0.001317707,-0.163614353,0.309506263,-0.079679375,0.10823511,0.257709301
-1.044083466,-0.039935986,0.190058673,0.037329658,-0.032250437,0.078945054,-0.047451219,0.092391114,0.000592405,0.144706274,-0.078031113,1.512602462,0.052151475,0.062871667,0.003634529,-0.002835535,-0.160001368,0.009011719,0.016598494,-0.07253271,0.348208448,0.021517156,0.015191315,0.14780245
-2.036343,-0.062928411,0.023070364,-0.12238223,-0.104892033,-0.152055855,-0.067424151,-0.072647018,-0.024268253,-0.16185783,0.084624469,-0.745515798,-0.048414898,-0.106030174,-0.015828918,-0.006460904,-0.074360331,-0.011834296,-0.206707572,-0.066762631,0.2973068,-0.111385095,-0.209746535,-0.005057268
0.873651726,-0.13185843,0.030658141,-0.014317271,-0.054169803,0.005949056,0.038879127,-0.088829549,-0.086406528,-0.209506105,0.201331218,0.82587087,-0.107387834,-0.116907245,0.006690555,-0.00168751,-0.069108702,0.004060111,-0.163205208,0.173302172,0.200862556,-0.151048794,-0.213769195,0.13375152
0.047400779,0.101180601,0.132350128,0.016726313,0.020341945,0.013993734,-0.061586343,0.118342723,0.002276843,0.008764609,-0.068911314,1.070418033,0.151366053,0.0999456,0.01787628,-0.001927945,-0.20434626,0.000871796,-0.000114609,-0.258975788,0.198870157,-0.101277094,0.009293874,0.148540178
0.35343343,0.039721172,0.033780706,0.000232652,-0.008300257,-0.037869804,-0.085615769,-0.045179826,-0.069546084,-0.093202521,-0.23477987,0.712836719,-0.072647151,-0.143838578,-0.037422586,-0.00116299,0.063287463,0.002247272,-0.018645098,-0.125686578,0.117455374,-0.152314372,-0.190794755,0.077320778
-1.13443269,0.196983418,0.080014884,0.009618222,0.051110442,0.103224247,-0.047061063,0.088922275,-0.000756885,-0.007335265,-0.072710554,1.604786567,0.018186904,0.136553992,-0.003510341,-0.002443531,-0.172626602,0.008301972,0.021488932,0.135007181,0.372604535,0.002417368,0.0285962,0.167248339
-0.355378615,0.037006878,0.218911912,0.025035837,0.026648867,-0.00750161,-0.067440531,-0.094849839,-0.073566867,0.23784162,-0.02852654,-0.357120204,-0.054760135,-0.001822826,0.001480624,-0.00197185,-0.14495125,-0.003444153,0.004327624,-0.131545038,0.23298739,-0.036692856,-0.069090868,0.023853575
-0.371687663,0.143513181,0.223071385,0.046521801,0.046675275,0.056721097,-0.041314411,0.179355645,-0.028585554,0.214839551,-0.044656579,1.275643555,-0.021197968,-0.031217024,0.066999992,-0.001689655,0.179471601,-0.00142977,0.140932718,-0.153274634,0.350903108,-0.04351573,0.0558046,0.106047846
0.227251668,-0.087411583,-0.048913279,-0.141237308,-0.036480882,-0.009758784,-0.116563146,-0.112643215,-0.131143814,0.0821642,-0.204238855,0.30893148,-0.092186288,-0.111565433,-0.039350446,-0.001762507,-0.370728076,-0.069703363,-0.004427439,-0.493952155,0.094542829,0.107987508,-0.2440437,-0.035129325
-0.555018226,-0.277838984,-0.045431592,-0.024178139,-0.059879211,-0.041840874,-0.170057904,-0.432971322,-0.110601889,0.006110155,-0.277184515,-0.208565492,-0.117426035,-0.272901895,-0.36446585,-0.00145371,-0.1886416,-0.004089267,-0.016174318,-0.342872188,-0.071722424,-0.191761939,-0.223361608,-0.225733752
-0.745729351,-0.180959168,0.006603957,0.016157194,0.064679918,0.021409383,-0.060612457,-0.062735408,0.079747194,0.131349745,-0.193718363,0.598056383,-0.009637823,-0.016943646,-0.029602108,-0.001499675,-0.007297318,0.008300081,-0.015489661,0.154761061,0.152012714,-0.025845207,0.07743086,0.139040249
-0.571729966,0.138285315,0.086785125,0.033763334,0.142064048,0.067089848,-0.02812687,-0.015594978,-0.016858816,0.203807233,0.004388327,0.995177535,0.014633847,0.07697002,-0.019121506,-0.001499878,-0.059840196,0.019580472,0.003285128,0.015535839,0.3243626,0.064173953,0.180913554,0.268029669
-0.240540031,0.075510331,0.059348266,0.012554946,-0.019946754,-0.00222012,-0.098662316,-0.085966048,-0.069888665,0.11406781,0.116388556,0.734794654,-0.041596724,0.061915567,-0.009240773,-0.001766171,-0.079353684,0.00605954,-0.020061941,-0.285537778,0.103817043,-0.121016319,-0.06860095,0.112960726
0.984935642,0.087855858,0.206872571,0.038811556,0.051151219,0.110983723,0.045272144,0.079777678,-2.22E-05,0.114910213,-0.022600604,1.164400087,0.002202553,0.10018161,0.12902866,-0.001135089,0.147993863,0.016245219,0.02208701,0.410974965,0.390525294,-0.06914079,0.165586311,0.211559298
-0.385673163,0.193561316,0.174677581,0.059880074,0.537337607,0.11239949,0.216904635,0.065180735,-0.027397506,0.357222582,0.36927192,1.774476812,0.015831784,0.113722763,0.215834244,-0.001484796,0.270709015,0.003605562,0.153806528,-0.122815276,0.461765426,-0.021296441,0.171438429,0.350505952
-0.139211317,0.051125303,0.052219163,-0.030638512,0.046653581,0.004114258,-0.125282981,0.019822009,-0.076339481,-0.103791739,-0.192011675,0.454108867,-0.135820514,0.007514931,-0.001780924,-0.001405288,-0.267596924,0.002046414,-0.019234854,-0.329775276,0.093856107,-0.125085867,-0.044517507,-0.034909869
-0.116635404,0.041653443,0.176981621,0.090005927,0.009404414,0.026959386,-0.039638807,0.036449211,0.07085782,0.087424643,-0.044552435,1.040547736,0.157146346,-0.049160139,0.084790633,-0.001647722,0.114951602,0.014877407,-0.011644142,-0.021327684,0.283225339,-0.046056773,0.126811858,0.143675981
-0.215963887,0.007501408,-0.034680311,-0.028781658,-0.040354168,-0.025069499,-0.143421621,-0.122351889,-0.141541527,-0.017974635,-0.187294393,0.390842508,-0.150496617,-0.181769938,0.006832874,-0.001782574,0.094027247,-0.008152737,-0.036533455,-0.336802527,0.04922535,-0.20181011,-0.099804809,0.007545184
-0.673945655,0.099821178,0.143226667,-0.06495288,0.044189277,0.042718522,-0.030527159,-0.039430762,-0.078835712,0.031379495,-0.102681818,0.628034862,-0.031686306,0.03626601,-0.007453196,-0.001920845,-0.235713067,0.010727208,-0.007594408,-0.127332977,0.227002134,0.16805556,0.011856638,0.08574309
0.692677922,0.06345404,0.066094676,0.05611328,-0.008049835,0.032175133,-0.042202927,0.105407972,-0.027503996,0.065282773,0.300695016,0.997842419,0.214079331,0.087903101,-0.033348556,0.003088201,-0.226978506,0.011077563,0.001417766,-0.212900788,0.147510629,0.295766386,0.291829202,0.226732718
-1.508224898,0.023096817,-0.035031143,0.006353274,-0.091610421,-0.002937855,-0.136107938,-0.11186686,-0.121138606,-0.022570732,0.170312952,0.667862898,-0.032722349,-0.056873393,0.00331686,-0.002903975,-0.325520012,-0.088970822,-0.020824913,0.114717169,0.058552275,-0.179837323,-0.000209215,0.014175408
-0.770574937,0.051712253,0.025079939,-0.058557348,0.034307196,-0.07102821,-0.111184748,-0.109853356,-0.102742226,0.026099006,-0.263506026,0.388677584,-0.099413773,0.049046601,-0.000752336,-0.001486892,-0.025577786,-0.075487877,-0.042377558,0.098287302,0.107692516,-0.161523275,0.077745876,0.032741791
-1.049998082,-0.191766046,0.011487782,-0.009868308,0.094244553,0.018505055,-0.093444243,-0.018407655,-0.065134273,-0.023871343,-0.164511681,0.562404919,-0.006780698,0.015266512,-0.04193861,-0.002234406,-0.283297154,-0.111909123,-0.066174316,0.15564446,0.165739497,-0.177508984,0.076211768,0.110302188
0.427308562,0.220484191,0.294100614,0.078033833,0.048983904,0.096246496,0.007479979,0.048976639,0.187268547,0.010088502,0.574598896,1.584699663,0.10436756,0.146391109,0.076059232,-0.001147275,0.238370367,0.008671683,0.103737168,0.637172724,0.451622017,-0.089751339,0.517236885,0.346572419
0.677339175,0.175063043,0.127779203,0.043121041,0.032039867,0.063758753,-0.058901083,0.142950167,0.086859608,0.300951829,0.386216739,1.63386007,0.001349285,0.138621539,-0.007149972,-0.000634893,0.194638268,0.003858734,0.103360819,0.348066487,0.382499096,-0.159651989,0.440281648,0.209101719
1.370538402,0.247100643,0.395731669,0.146176679,0.104717438,0.079508887,0.066866637,0.041725866,0.01611111,0.651117934,-0.090434749,1.742215372,0.027630636,0.100113088,0.020379846,-0.001032608,0.308411062,0.016837355,0.009665507,0.804670316,0.474599768,0.750049342,0.575130713,0.528233813
0.208809128,0.223577891,0.209109956,0.032103584,0.036037477,0.073267382,-0.04713027,0.000524993,-0.018783681,0.256288531,-0.067103984,1.06506864,0.017656349,0.125206983,0.002700829,-0.001093695,-0.101977727,-0.020546472,0.090405698,0.271625919,0.24766121,-0.127116716,0.321987994,0.210563568
-1.120622997,0.166961653,0.219894103,0.107472811,0.091614859,0.082729058,-0.011693918,0.187056818,0.109132773,0.145919329,0.421971285,2.080523842,0.046128751,0.081047159,-0.034392028,-0.002131677,0.215495238,0.020076551,0.142241051,0.279607852,0.571524598,-0.061596025,0.484217721,0.358523109
-0.883123097,-0.035316063,0.134497365,-0.029297176,0.057667637,-0.005788207,-0.080738587,0.070450066,-0.080680155,-0.157754375,-0.256251697,0.63861027,-0.049961011,0.02773325,-0.044194452,-0.001379021,0.05254061,0.006970251,-0.024578883,0.097129412,0.161522699,-0.148405511,0.25119895,0.141383875
-0.410215884,0.230005703,0.216578719,0.072576361,0.062950905,0.124186809,0.094258931,-0.005704792,0.146119025,-0.005921102,0.45463694,1.944613383,0.019242079,0.111684369,0.023663872,-0.001727723,0.198926029,0.003177617,0.129271884,0.219545271,0.474100578,-0.104073149,0.478475598,0.296209985
0.037374865,0.222908586,0.019104024,0.123840946,0.076378514,0.084196163,0.394091128,0.034845253,-0.019870457,0.130464783,-0.011495263,2.003846283,0.118643447,0.105597411,0.207541705,-0.001339237,0.146808368,0.036085787,0.190448878,0.328488662,0.554395014,0.015856685,0.278026287,0.354783629
-0.249598623,0.062374696,-0.117149455,0.017625756,0.011631209,-0.012694396,-0.104533805,-0.053254341,-0.077305211,-0.05193906,-0.213711693,0.78748691,-0.109177925,0.022588944,-0.037154672,-0.001951434,-0.271123163,0.003257609,-0.017388305,0.129124577,0.14945401,-0.185953484,-0.063081675,0.136549682
0.007699807,0.089444135,-0.288568556,-0.028827481,0.002349942,0.004407529,-0.012947469,0.031848498,-0.092938218,-0.125170645,-0.076076837,-0.780479069,-0.096612075,-0.058160984,0.031960164,-0.002354665,-0.218529192,-0.022230992,-0.051123148,-0.144742743,-0.159649906,-0.052664389,-0.15102578,-0.02690159
-1.058777489,-0.138315108,-0.284822878,-0.020861002,-0.00790758,-0.074359213,-0.181975626,-0.078442648,-0.049337776,0.180368333,0.200241897,0.808346775,-0.048730122,-0.147942441,-0.034641175,-0.001694494,0.306898123,0.001356597,-0.023395817,0.342279963,0.118438875,-0.213226098,-0.040516503,0.02272582
-0.88999408,-0.05861196,-0.06971424,-0.012719145,-0.058012109,-0.000270138,-0.055544245,-0.015086348,-0.026255899,0.249301097,-0.129227596,1.221659711,0.062497406,0.041555668,0.081710962,-0.00182757,-0.08733721,0.019588968,0.046808225,0.116695968,0.34316657,-0.121396839,0.05413303,0.182872909
-0.772736095,0.097932002,0.003151128,0.01841429,-0.00130606,0.068534958,-0.064532031,-0.03998425,0.071420722,-0.019364774,-0.094234617,1.365562241,0.100262478,0.045084024,-0.039303544,-0.001425468,-0.17572639,0.023916608,-0.01792978,0.126898556,0.328078259,-0.067308135,0.102919173,0.120487757
0.251542518,-0.000849505,-0.037864653,0.055163905,-0.001988932,0.004977093,-0.05444866,2.35E-05,0.092468117,0.002646656,0.438975129,1.381393013,0.09257168,0.108828209,0.089104956,-0.001234964,0.148227137,0.001297028,-0.009760223,0.273057448,0.299062589,-0.066162983,0.328001312,0.315955221
0.010312997,0.210109773,0.059767859,0.036472291,0.039984859,0.040163787,-0.046743359,-0.004230762,0.07699403,-0.058874394,0.341105287,1.483024449,-0.013562437,0.048004902,-0.018524128,-0.001213354,-0.18813974,0.004463178,0.004919533,0.457061259,0.17750009,-0.098701534,0.478927162,0.280966809
-0.516363144,0.233329811,0.027973104,0.036221679,0.070266459,0.077078589,-0.006037826,0.010719384,-0.008326226,0.091326215,0.341793042,1.933299379,0.024485231,0.086792846,0.177698646,-0.001912263,-0.004497076,0.00877572,0.127976904,0.477942124,0.368032738,-0.101729515,0.444410661,0.359645775
-0.193700678,0.266709769,0.139003213,0.008051433,0.009378511,0.09517434,0.004016476,-0.037386658,-0.012087245,0.086140835,-0.090368648,1.767823262,-0.02706528,0.05298995,-0.019143216,0.018198817,0.046536112,0.012177606,-0.012923674,0.526363618,0.194524728,0.185759763,0.513355194,0.310584295
-1.125251015,-0.427870802,-0.11296739,-0.029942641,-0.095906297,-0.070359616,-0.115282047,-0.1122453,-0.143471096,-0.075883037,-0.199131996,0.276281578,0.023184219,0.020706006,-0.07761007,-0.001935931,-0.08979778,-0.067377777,-0.020095235,0.09736653,0.09310432,-0.187764144,0.050233268,-0.095362212
-1.363628951,-0.147710088,-0.003662413,0.004838158,-0.059771237,0.027391572,-0.077737657,-0.02266433,-0.002382173,0.024200967,0.23499184,1.559465607,0.02055369,0.053218901,-0.062971125,-0.003279276,-0.217229343,0.011092034,0.010616042,0.203525453,0.329208858,-0.044033801,0.225578689,0.116019954
-1.242143744,-0.143946172,-0.111214549,0.024464043,0.044436372,-0.081461323,0.119835981,-0.075989943,-0.026921895,0.004474038,-0.115325874,0.585823596,-0.036135935,-0.024764438,-0.057314413,-0.001305796,0.006547751,0.000368329,-0.0371214,0.177036371,0.041337704,-0.135753468,0.158034268,0.144173091
-1.113266266,-0.105468317,-0.083751807,-0.006236146,-0.04653077,-0.066811736,-0.134554354,-0.008778995,-0.044671554,0.085722164,0.173616086,0.726812634,-0.060126324,0.042557398,-0.064258774,-0.001737761,-0.234727293,0.003400975,-0.012467758,0.085517114,0.18093781,-0.156984928,0.01980016,0.074662173
-0.024403465,-0.038216251,0.032413352,0.03981283,0.192442231,0.043845954,-0.032241115,0.147934563,0.139119222,0.208825542,0.469561059,1.464025897,0.069523965,0.127138145,0.04897073,-0.001415195,0.103320971,0.006129814,-0.011368942,0.238903939,0.259306754,-0.002291721,0.249622127,0.20130135
-0.872313356,-0.177921239,-0.250836966,-0.028570965,-0.091368295,0.004852709,-0.012504515,-0.081553813,-0.067417953,-0.217087121,-0.10380901,-0.662014999,-0.029513411,-0.019625359,-0.053150239,-0.002578783,-0.081550302,-0.00772638,-0.082195686,0.129635891,-0.102996707,-0.094971315,0.198286965,-0.265658072
-1.43188471,-0.183277735,-0.048873777,0.058952219,-0.001773139,0.031217528,0.058138877,-0.039071668,-0.033531821,0.24598534,0.296704854,1.713101453,0.019168925,0.029320726,-0.071799028,-0.003177096,-0.031927237,0.005749783,0.015641894,0.22263737,0.406681516,0.044202763,0.298477246,-0.078970929
-1.168409067,-0.2150233,-0.071608668,-0.064621164,0.031632685,0.008411294,-0.089022239,-0.022407632,-0.062063805,-0.119241538,0.241923763,1.425843943,0.020225796,0.012689631,-0.088835997,-0.002548042,0.100990083,0.004860456,0.008973128,0.217818957,0.370229416,0.215507353,0.302350364,-0.131581326
-2.522070952,-0.084627695,-0.155621501,-0.095036734,-0.11397389,-0.128490084,0.092587626,-0.06195701,-0.057935394,-0.126518096,0.127125353,-0.963500182,-0.002501086,0.003592756,-0.035270629,-0.007770358,-0.228580608,-0.002832814,0.052301928,0.030612554,-0.418309333,0.009794645,0.227579975,-0.275095596
-1.165228819,-0.062419557,0.003358072,0.044852781,-0.048346339,0.12865432,-0.022023609,0.043183039,0.132869675,0.083590574,0.376013423,1.777125676,0.033609306,0.063924747,-0.040925946,-0.002916217,0.014390968,0.00604567,0.018837126,0.423764601,0.619403454,0.336624485,0.378745756,-0.034870334
-1.618014126,-0.255040465,-0.034219023,0.011761809,-0.081470745,-0.039511794,-0.089798019,-0.062361027,-0.089105555,-0.144836843,-0.176790801,0.745390279,-0.002739414,0.035726565,-0.044010836,-0.002741528,0.032750819,0.010624798,0.003005067,0.170546766,0.277688919,-0.092804147,0.1722621,-0.107531749
-1.586119251,-0.186445223,-0.087511082,0.038948004,0.066999224,-0.05084455,-0.032846813,0.139782764,-0.041837335,-0.124815431,-0.15697397,1.361999075,0.010445266,-0.027414051,-0.078554359,-0.003135366,0.055868119,-0.034453369,-0.019451642,0.164154437,0.313919835,-0.062799376,0.238455965,-0.142984305
-0.448607976,-0.257050139,-0.064126626,-0.066377009,-0.046542812,-0.018607413,-0.100533155,-0.094666082,-0.094556735,0.156159452,-0.125887408,0.695024168,-0.032575239,0.035306539,-0.065865876,-0.001963968,-0.312923661,0.011794703,0.003842967,0.313512761,0.10800405,0.1245839,0.235144274,-0.055021048
-0.301950612,0.119567796,0.030489872,0.01831027,0.072519,0.036085751,-0.054219291,-0.035085559,0.040483041,0.050070573,0.315963814,1.553846754,-0.000361208,0.067780159,-0.052057767,-0.001933228,-0.202829803,0.002016334,-0.020818358,0.351473348,0.210177801,0.180296409,0.37136224,0.179703383
-1.044806714,0.208480297,-0.034309805,-0.017776481,-0.082700287,0.010551528,-0.010618086,-0.062466479,-0.041506203,0.078971705,0.022320336,1.563512891,-0.025698606,-0.027402886,-0.067810277,-0.002226204,-0.192565932,0.001346868,-0.019998258,0.374686093,0.209471799,-0.091427244,0.328674706,0.078874105
1.003638088,0.007136691,0.000204984,0.006541625,0.024162696,0.099359665,0.101566792,0.104938221,0.053056929,0.07358753,0.50815365,2.081966904,0.029898196,0.106525722,0.128734669,-0.000813976,0.556293551,0.008846459,0.043618158,0.799129169,0.434782099,0.405921903,0.623757899,0.23234434
21.22920655,0.181881444,0.053531527,0.358872099,0.515826652,0.305353199,0.134301529,0.115124731,0.089212589,1.463100346,0.151447035,1.591261197,0.001768718,0.023080075,0.034794767,-0.001431222,0.368378654,-0.00169168,0.136966751,1.444142092,0.191757238,0.291675963,1.419150854,1.28275156
0.06554887,0.088928544,-0.078344383,0.020715676,0.2913935,0.064174476,0.230274546,-0.013920047,0.042153734,-0.11936191,0.371262352,2.090850262,-0.001336255,0.091292449,-0.037587626,-0.001129256,-0.069521415,0.00387825,0.003287804,0.598816022,0.258989539,-0.044387364,0.500400547,0.340373428
-1.890860364,-0.049157555,-0.116778433,-0.05309848,0.040409403,-0.119501014,-0.038219758,-0.032099076,-0.025785913,-0.022147495,-0.079218217,-0.893918347,-0.013308059,-0.021184435,-0.041979454,-0.00491032,-0.122107853,-0.00606626,-0.172132577,0.121434362,-0.320909623,0.114213145,-0.016819115,-0.30076054
0.065550669,0.10605613,0.003223216,0.033472693,0.001125431,0.03477056,0.22632713,0.175145304,0.133978475,0.041497903,0.402839062,2.515910746,0.015819931,0.016131232,0.204769814,-0.001864824,0.170148829,0.002387464,0.087631469,0.557053565,-0.011552013,0.297793773,0.272272072,0.124592456
-0.82864536,-0.063195445,-0.118763087,-0.043067574,-0.072189364,-0.042937926,0.046680874,-0.025551059,-0.065117854,-0.174543798,-0.092767121,-1.115220082,-0.018655398,0.006488141,-0.012414614,-0.002872612,-0.198639839,-0.0091348,-0.11240492,0.132856972,-0.240463698,0.068686817,-0.033510845,-0.245725365
0.480616246,0.099191275,-0.049485084,-0.009692218,0.28191667,0.064119667,0.067275771,0.235153954,0.030502806,0.085584348,0.053782,-0.467629518,-0.010286531,0.205686118,0.158366483,-0.001808702,-0.009162369,0.000803427,0.059810239,0.186296294,0.018553352,0.19466879,0.108225199,0.023978699
0.525399801,-0.045533591,-0.12454174,-0.048021136,0.018696861,-0.019837262,-0.023489765,-0.057528129,-0.018370481,-0.209266134,-0.079408586,-0.590135107,-0.088346364,0.098835128,-0.061599973,-0.001517052,-0.104227349,0.009563982,-0.003221956,-0.137833096,-0.147546859,0.132602616,-0.042792769,-0.134348719
-2.090150332,0.013810361,-0.011782004,-0.060722651,-0.092687894,-0.113295909,0.101622618,-0.012900999,-0.040207711,-0.086744803,0.01334798,-1.153896311,-0.000553645,0.06748126,-0.020979785,-0.006395368,-0.123415938,-0.003236821,0.088081275,0.187561673,-0.325499944,0.143718512,-0.029987135,-0.229783228
-1.754314842,-0.084581076,-0.152807919,-0.019497908,-0.10706006,0.01010748,-0.06325242,-0.038538122,-0.035777429,-0.151578144,-0.099448825,-0.71399727,-0.04739606,-0.004864384,-0.046997614,-0.007110275,-0.212376362,-0.004217069,0.065903661,0.124563761,-0.310506053,0.005346199,0.002131596,-0.325468142
-1.658767181,-0.071930793,-0.142975768,0.007443505,-0.099180139,0.038591509,0.090992951,0.091590167,-0.008863258,-0.162215256,0.110008269,-0.807308238,0.004963279,0.01492266,-0.034247841,-0.006673525,0.081086295,-0.003042382,0.034641415,0.163667077,-0.301032679,-0.051682171,-0.010606493,-0.297553576
0.022363742,-0.04943761,-0.297146048,0.03730216,-0.063632192,0.02428642,0.104950869,0.127818282,-0.046340301,-0.253658391,0.056110061,-0.928241966,-0.046540051,-0.047348726,-0.073941281,-0.002407557,-0.048491731,-0.003248163,0.036263921,0.079894841,-0.278594678,-0.058434055,-0.009269738,-0.281019083
-0.318670047,0.037354673,-0.049923725,0.014198097,-0.027104396,0.018512208,0.176572499,-0.025182821,-0.035030325,-0.040307241,-0.040861954,-0.567942536,-0.009012319,0.155615644,0.079289633,-0.001935799,-0.09090473,-8.52E-05,0.079538339,0.100672317,-0.123462027,0.102713913,0.187500466,-0.133987735
-0.139474864,-0.097818207,-0.046205597,0.070775226,0.063180517,0.037740892,-0.00921752,0.154407894,-0.046065276,-0.137972594,0.155247878,-0.493063788,0.042536021,0.108147878,-0.040113283,-0.001461862,0.536361396,-0.001067336,0.019384276,0.244030314,0.280681541,0.025222097,0.201502412,-0.077251621
-1.42769265,-0.12796652,-0.035550186,0.008940946,0.095884612,0.096515766,-0.063182664,0.029131988,-0.06536622,0.024907063,0.048977274,1.051210094,-0.035789506,0.091930215,-0.03656809,-0.002474321,-0.059604856,0.0123057,0.009541961,0.206458495,0.282798041,-0.048481555,0.191480247,-0.022075641
-0.349164912,-0.037519019,-0.119218033,0.029539844,-0.064682123,0.035269311,0.108842068,0.12891282,0.144369753,-0.188088098,0.057636804,-0.61256717,-0.032146697,-0.023026214,-0.049215148,-0.002489912,0.609239422,-0.004562353,-0.079836692,0.164347371,-0.183479245,-0.04119948,0.146310359,-0.200720945
0.130345738,-0.031147017,-0.058045467,0.007900427,0.02551643,0.064174077,0.219779256,-0.027620075,-0.04943133,-0.123103951,0.354602774,1.680992141,-0.006286458,-0.019294836,0.118857174,-0.001715789,0.091544232,-0.001299222,0.007308082,0.412679737,0.031932918,-0.134144885,0.171983926,-0.004345814
-0.057982376,0.000188602,-0.32471231,0.032574594,-0.086823127,-0.013292336,-0.012892574,-0.081961886,-0.073235357,-0.301545197,0.081943005,-0.895492329,-0.049196875,-0.040817695,0.005937013,-0.001950258,0.050130867,-0.008352844,-0.048111019,0.054818503,-0.316403636,-0.069982564,-0.025879064,-0.282617032
-1.651797674,-0.056271055,-0.022805419,-0.074422774,-0.098754343,-0.163405949,-0.040516059,-0.039969878,-0.048363397,-0.121954641,-0.083880282,-1.251252674,-0.023132619,-0.044113764,-0.014528923,-0.005536185,-0.221851984,-0.008073656,-0.01045174,0.092298671,-0.264831159,0.030334323,-0.15487242,-0.247413804
-1.758823985,-0.043794709,0.074450082,-0.020136901,-0.079825598,-0.099377564,-0.040860789,-0.067049236,-0.030397045,-0.05012884,-0.099584141,-1.280027789,-0.034173411,0.002652571,-0.009033497,-0.004412063,-0.203648628,-0.002954928,-0.046884426,0.105863829,-0.277348436,0.012772822,-0.151042051,-0.22052907
-0.07571653,-0.066848673,-0.206862212,-0.00730749,-0.009187421,-0.024915257,0.050049932,-0.027788958,-0.055074404,-0.205746598,-0.079398115,-0.833192256,-0.021611989,-0.013162895,-0.014699065,-0.002232808,-0.200305093,-0.005928606,0.049954308,0.180377273,-0.192100087,0.089735543,-0.085220684,-0.220854082
-0.517396367,-0.088215202,0.0730629,0.023051694,-0.045511347,-0.013333428,0.018568706,0.220574031,0.269944944,0.115677552,0.098385905,-0.403036824,-0.012571468,0.034844244,-0.003290506,-0.002291818,-0.045290536,-0.005997569,-0.002116046,0.095930086,-0.10406186,-0.016959069,-0.048665287,-0.155802913
-1.314766357,-0.028997738,0.089130434,0.009139277,-0.019021747,0.045021937,0.070946982,-0.032993378,-0.048582354,0.069623962,-0.029133695,-0.672019733,-0.04189498,0.046364178,0.012042073,-0.004147585,-0.032591867,-0.004038498,0.102946968,0.144238871,-0.175530716,0.10289648,-0.083342949,-0.147286565
-1.507398734,-0.075083359,-0.118254434,-0.089833976,-0.09762807,-0.133052573,0.013500494,-0.026312239,-0.046170138,-0.152591506,-0.045439051,-0.770855029,-0.011608303,-0.069826241,-0.013036817,-0.005313049,-0.113410124,-0.00514209,0.032188622,0.101342918,-0.276776715,0.054186388,-0.128556379,-0.223596322
-1.258985891,-0.017849638,-0.006291473,0.019966319,-0.063513539,-0.090715727,0.171894508,0.146857451,-0.009646214,-0.127212086,-0.024804174,-0.748342769,-0.003835916,0.080330906,0.032387008,0.068653238,0.037564506,-0.00655295,0.018404406,0.109533555,-0.237572072,0.084841438,-0.092395513,-0.129367405
-0.052201341,-0.099827847,-0.135366043,-0.002701526,-0.064295818,-0.055771843,-0.010904357,-0.030341933,0.254861386,-0.016828245,-0.078846665,-0.791785802,-0.004573634,-0.024972259,0.046476013,-0.002312818,-0.065295853,-0.00428732,0.010981413,0.107483786,-0.182760619,0.077330536,-0.094125677,-0.16902723
-0.126415181,0.026733544,-0.300079722,-0.029671632,-0.053859366,-0.109822619,-0.033088851,-0.091323835,-0.059449881,-0.306143521,-0.133103378,-0.886286355,0.012817167,-0.085488342,0.025012399,-0.001901252,-0.120473605,-0.012279702,-0.116243612,0.051026402,-0.257440434,-0.057849817,-0.178455877,-0.230473039
-0.079026973,-0.044892631,-0.196557153,0.005722936,-0.039360083,0.043822269,-0.011986685,-0.048179352,-0.039060985,-0.19746328,0.132759774,-0.869343571,-0.015644365,-0.013814856,0.003244218,-0.002247343,-0.149178254,0.018539483,-0.071875155,0.224715469,-0.224185265,0.117616547,-0.002263471,-0.178788738
-0.29655196,0.009593822,-0.053126064,0.043790299,0.016931786,0.058356606,0.093291429,0.269745468,0.006420692,-0.061605555,0.154034065,-0.507692535,0.007170117,0.080266824,-0.027329727,-0.002419118,-0.025743006,0.000737737,0.079003228,0.268848216,-0.137510484,0.024601387,0.11526746,-0.057669272
-1.834969286,-0.114757988,-0.096098724,-0.087167194,-0.098190324,-0.148013306,0.109010033,-0.046444343,-0.023999153,-0.133955614,-0.098744648,-0.96023956,-0.022264806,0.002119199,-0.02065331,-0.006439703,-0.209140399,-0.004043793,0.076595239,0.081075594,-0.348076724,0.035614395,-0.111724248,-0.299280454
-1.923522787,-0.087043457,-0.048963796,0.09721274,0.015423176,0.141266923,-0.012939558,-0.027015722,-0.015441884,0.017202027,-0.033744104,-0.453010002,0.028174716,-0.007182396,0.001468702,-0.006120508,0.397552436,-0.004467341,0.076879456,0.188255046,-0.248059134,0.012383749,-0.101383403,-0.197504268
-1.343195035,-0.019932945,-0.070503908,0.021789008,0.035038842,-0.047305994,0.078599194,0.058519354,0.404105592,-0.093014738,-0.056012033,-0.530128178,0.007759368,0.029366267,0.012122033,-0.005493062,0.068072592,-0.007417482,0.100397546,0.181085749,-0.24221318,-0.015606468,0.020120822,-0.181703518
-1.63740016,-0.120699725,-0.116162095,0.067099113,0.021554076,0.030697065,-0.072790788,-0.038770526,-0.012803343,0.042712544,0.066098905,-0.816275784,-0.064029357,-0.060862766,-0.007096361,-0.006529172,0.026116853,-0.009622379,-0.050855332,0.087954068,-0.279982659,-0.065428872,-0.137016526,-0.283227657
-0.143492737,0.052504194,-0.075600364,-0.016240837,-0.051210968,-0.054090822,0.054123377,-0.059091042,-0.073738006,-0.23736898,-0.075568533,-1.213071213,-0.056286734,-0.013967329,-0.041143969,0.015825609,-0.229143164,0.008521545,-0.094775742,-0.062134712,-0.208394044,0.078635443,-0.146277502,-0.084933872
1.361581483,0.121988942,-0.10541441,-0.077900192,0.011210006,-0.015988924,0.071192833,0.017037652,-0.027840391,-0.293988299,-0.078623289,-0.473948183,-0.122058864,-0.056579446,-0.056357964,-0.002199897,-0.104112253,0.013221303,0.039457957,-0.206078087,-0.142441146,0.069836976,-0.065212626,0.062136472
0.646616198,0.177165301,-0.091149065,-0.029269068,-0.015889759,0.021753819,0.035090659,-0.037765782,-0.030577185,0.121936018,-0.017788042,-0.273129145,-0.099349708,-0.002302959,0.078978996,-0.001967183,0.727055399,0.058643191,0.027310887,-0.193688649,-0.079442634,0.007439381,-0.115728691,0.222579487
-0.42759213,0.092908493,-0.054704294,-0.07037332,-0.054325648,-0.058211303,0.054497077,-0.05222147,-0.051937525,-0.18046459,-0.064140148,-1.221970485,-0.046913208,-0.017695265,0.021915935,-0.002291646,-0.223156164,-0.002761642,0.063709888,-0.049774646,-0.131011174,0.035528574,-0.153244598,0.043634108
-0.795067091,-0.277521568,0.003553278,-0.0421131,-0.080524508,-0.003633099,0.101364337,0.011235158,-0.07305726,-0.081236175,0.031340328,-0.940233186,-0.118876408,-0.036755502,-0.042754847,-0.002705965,-0.247892912,-0.013061215,-0.265162955,-0.044925687,-0.326227596,-0.070908314,-0.30678069,0.022703207
-0.361551156,0.151580319,0.047643359,0.039149415,0.014172115,0.043664773,-0.027445633,-0.063911366,-0.071532857,0.036970481,-0.083724746,1.219510067,0.093165237,0.009208529,-0.041602918,-0.002094274,-0.141123024,0.018986938,0.00435958,-0.06831368,-0.147377516,-0.039612981,-0.079630038,0.215318789
-0.108372525,0.134007709,0.010123414,-0.023510261,-0.043642192,-0.008921698,0.132179501,-0.01415086,-0.031422192,0.003148827,-0.039872443,-0.571874206,-0.033016121,0.014093234,-0.012272281,-0.002565314,-0.100678427,-0.005280059,-0.088981542,-0.03814854,-0.154704224,0.078472874,-0.12546402,0.129207665
12.75689961,0.245142857,-0.01433777,0.225901625,0.317499588,0.209022309,-0.007555661,-0.023062149,0.285234837,-0.04031146,0.011970485,-0.505975693,-0.00577855,0.211746371,0.418923828,-0.001921135,0.268593117,-0.009581022,0.286290727,0.010426154,-0.152487036,0.52186853,0.235475207,0.652375447
-0.367197841,0.082712633,0.069736279,-0.085741382,0.068940053,-0.089818946,0.004880713,-0.007611146,-0.01974006,-0.252717188,-0.067759778,-0.775957786,-0.051056891,-0.052477577,0.004546773,-0.002026574,-0.112569934,-0.000306939,0.058406578,0.157616714,-0.180616496,0.029606611,-0.185165898,-0.006567011
1.308992916,-0.060487668,-0.111434899,-0.034163999,-0.083452644,-0.016616215,-0.025054421,-0.07399005,-0.072236635,-0.353681091,-0.11110537,-0.503872451,-0.109623673,-0.013124167,0.003640899,-0.002059888,0.271418569,0.000354307,-0.10103255,0.16861921,-0.192372072,0.009936976,-0.124837305,-0.063597428
-0.383160206,0.193705634,0.064835506,-0.009289602,0.117625648,-0.000271359,0.096797875,0.085600564,-0.004192341,0.153619895,0.050999456,-0.374344346,-0.025407646,0.231594795,-0.001032003,-0.002508859,-0.017382267,0.002101568,0.096520036,0.14628628,-0.060213633,0.126390176,0.015306667,0.140433095
-1.895675476,-0.053612414,0.021686811,-0.03418108,-0.091532957,-0.1863383,-0.054221846,-0.001044087,-0.052462492,0.025347199,-0.129155043,-1.364095077,-0.027805943,-0.047656352,0.032388444,0.044662406,-0.232095104,-0.009251653,-0.077780609,0.095047547,-0.300757664,0.032887537,-0.23961663,-0.213677898
1.650416029,0.220779853,-0.086974832,0.00929963,0.102270155,0.086336874,-0.01680638,-0.063596635,-0.055337506,0.018561173,-0.041032799,0.01256776,0.378265421,-0.023254821,0.072902997,-0.001788045,0.595490305,0.033490454,0.02571547,-0.207664683,-0.03225644,0.003307699,0.039791688,0.08169649
1.881133863,0.196751891,-0.063045846,0.157953189,0.049376899,0.118540113,0.007644383,-0.054607379,0.01450491,0.171249445,-0.001036866,0.012619181,0.456155897,-0.034625325,0.05160014,-0.001538087,0.599876429,0.051512004,0.025813282,-0.229113752,0.056840854,0.006444922,-0.01424325,0.157725789
-0.27244268,0.227412279,-0.040346184,0.120293428,0.045483391,0.065908517,0.095046337,0.103544641,0.059052054,0.147782859,0.02408995,-0.201195776,0.271696978,-0.00274796,-0.015327125,-0.002071651,0.846736464,0.081118904,0.045663923,-0.048041594,0.379913821,-0.017153189,-0.038452855,0.194310745
0.200258034,0.182547014,-0.118493652,0.120899736,-0.017434389,0.077433424,0.042916166,0.127312147,0.001576187,-0.010819431,-0.011593629,-0.28087034,0.201795315,0.043517091,0.043213101,-0.001653816,0.593443764,0.064559417,0.015452904,-0.092330711,-0.068359012,-0.024208346,-0.039028425,0.115539198
-0.91823647,-0.264154678,-0.107030116,-0.015372107,-0.020822144,-0.006477977,-0.115577497,0.126108381,-0.009060198,-0.065218465,0.201768614,0.769424288,0.035909369,-0.015057415,-0.048790854,-0.001807604,0.348558607,-0.002360158,0.009592491,0.228868975,0.000516842,-0.139247801,-0.038919952,-0.153469005
-2.732357714,-0.070455682,-0.270023605,-0.102179787,-0.004782778,0.020573009,-0.063567672,0.002885413,-0.067822024,0.085484737,-0.116631915,-0.833919416,-0.063120358,-0.029346886,-0.007629678,-0.006966321,-0.224178147,-0.004726142,0.037656294,-0.186345581,-0.372325913,0.010962733,-0.21632996,-0.301442473
0.060290746,0.186309993,-0.024449953,0.103840708,0.007135007,0.075375286,0.023957675,0.261027717,0.081433357,0.334173896,0.390099025,1.551491893,0.097047474,-0.028702902,0.123243645,-0.000716016,0.625455043,-0.001781301,0.059247365,0.267251885,-0.037063976,0.292822626,0.053920093,0.083696791
-0.258255671,0.036943129,-0.264193448,-0.025583233,0.008521836,0.000340814,-0.028106675,-0.043763465,-0.015298905,0.051283529,-0.184118257,1.041062304,0.01435932,-0.018182761,0.038123572,-0.001263655,0.013582649,-0.013258718,-0.048687225,-0.266147301,0.010714116,-0.099251767,-0.150827192,-0.099730188
-0.913001479,-0.155694134,-0.31690342,-0.039321397,-0.069664441,-0.0040768,-0.091559647,-0.122474855,-0.0816745,-0.21233535,0.057268485,-0.729621479,-0.023374444,-0.067934632,-0.049627082,-0.003274551,-0.084862832,-0.006345113,0.046018988,0.092428223,-0.253582179,-0.049283145,-0.132748758,-0.200181461
1.469621465,0.032089374,-0.480704341,0.057118216,0.014189782,0.04072969,-0.044174,0.170382551,0.048313847,0.137807144,0.378317603,1.078613764,0.00180792,-0.016665292,0.0895964,-0.001123793,0.434813053,0.020034059,0.011613456,0.275107916,0.261905544,-0.047044979,-0.034607657,0.021331542
-0.857901784,0.04276669,-1.592403267,0.012834396,-0.058875169,-0.052999645,-0.074922294,0.070618469,-0.048589345,-0.015994362,0.030957291,-0.686611149,0.046297964,-0.080086404,-0.075740863,-0.002307546,-0.088446787,-0.013775655,0.001553639,-0.063170285,-0.158665013,-0.035020025,-0.326904268,-0.235631699
-0.22884263,0.03493338,-1.29910144,-0.084415527,0.014501268,0.008217909,-0.051373108,0.02944769,-0.049686806,-0.206511433,-0.099067324,-0.843892073,-0.070215845,0.023081566,-0.074156074,-0.001603399,-0.112160242,-0.001176054,-0.009459085,0.063061082,0.181543149,0.110768398,-0.241182099,-0.211827818
-1.64681457,-0.122044031,-0.861259883,-0.028433288,-0.083854787,0.02381708,-0.057614186,-0.059148122,-0.067738251,0.069324227,-0.017701519,-0.665206323,0.025266629,0.002764178,-0.01629284,0.007106835,-0.20820907,-0.021529059,0.053101191,0.146557993,-0.209578759,0.042202841,-0.218688571,-0.274758388
-1.0386141,-0.155975789,-1.555075878,-0.05644952,-0.076094076,0.02389136,-0.108303203,-0.084744678,-0.084509063,0.004089159,-0.15131676,-0.746969959,-0.029145175,-0.125193814,-0.011732702,-0.0025942,-0.173957625,-0.037590768,-0.038575578,0.0776635,-0.254837906,-0.084505446,-0.350198352,-0.363546936
-0.470570521,-0.202321886,-1.388304096,-0.028946241,-0.058726608,0.000201648,-0.31052717,-0.096636666,-0.087239352,0.024589168,-0.142857846,0.794420803,-0.309133706,-0.022998649,-0.088387088,-0.001802191,-0.005713311,0.000504733,-0.006740579,0.114617992,-0.326248131,0.158667963,-0.267223792,-0.263784206
-0.168423522,-0.005448803,-1.448270344,0.025705536,0.047448987,0.046915435,-0.074681758,-0.066487875,-0.012150641,0.041091164,-0.060491516,-0.582912691,0.084927265,-0.02813897,0.06410243,-0.002534997,-0.052144728,-0.007929808,0.002455518,-0.121247983,-0.135351472,-0.038958011,-0.240516165,-0.235005946
-0.359267849,0.076108379,-1.106816075,0.024720641,0.037003547,0.056059432,-0.04031044,-0.059988114,-0.077169375,-0.112605034,-0.051650387,-0.503913725,0.107088317,0.025680794,-0.025321854,-0.002131292,-0.216050146,0.001356501,0.02797821,-0.078792264,-0.098985782,-0.005413256,-0.182862249,-0.164095009
-0.850004198,0.036635571,-1.573391164,-0.041792774,-0.097212385,-0.062987758,-0.303969313,-0.072356249,-0.033497216,-0.179322942,-0.251911752,0.892706401,-0.013006786,-0.017312505,-0.090570446,-0.001996769,-0.15918805,-0.001086811,-0.014164626,0.08971394,-0.32320551,-0.09051558,-0.333533706,-0.32971829
-1.888019221,-0.105809527,-1.176428635,-0.022645001,-0.065202788,0.011277976,-0.134334364,0.057978026,-0.036239462,0.190563344,-0.136214621,-0.441402893,-0.029179232,-0.054258945,-0.047902139,-0.00709202,-0.043954779,-0.006228948,-0.044212802,0.132574252,-0.185919285,-0.104597666,-0.336101094,-0.384257735
-0.965381254,-0.011571932,-1.389683718,-0.018002659,-0.021702447,-0.033026266,-0.151288798,-0.038416371,-0.047249067,0.155283963,0.048448372,-0.934244101,-0.041574797,0.00918504,-0.068255792,-0.002315826,-0.207314643,-0.011385083,-0.001495118,-0.0896461,0.145694614,0.080929373,-0.328544708,-0.181348292
-0.312456377,0.0188121,-1.621524929,0.034616322,0.120100573,-0.086998435,-0.140952734,-0.08032569,-0.099157554,0.008154026,-0.003013457,-0.806050984,0.047170824,-0.148624688,-0.085839388,-0.002110666,-0.226307778,-0.024599479,-0.021189554,-0.207184773,0.0652624,-0.087935819,-0.366412924,-0.0925415
-0.020428429,0.088069848,-0.365498355,0.008269008,-0.024981075,0.010643069,0.100716798,-0.058511863,-0.033860393,0.284409428,-0.047758266,-0.553418451,-0.062725812,-0.021666788,0.074533278,-0.001488622,-0.278773818,-0.006533081,0.009251816,-0.170245279,0.213827378,-0.07256413,-0.16540837,-0.009655123
-0.284892818,0.049233354,-0.272839911,0.015367386,0.02859781,-0.0081719,-0.03674206,0.091261139,-0.052098972,0.046329561,0.038819611,-0.495067785,0.08967419,-0.058477642,0.038527073,-0.001664173,0.628174495,-0.011394073,-0.009457838,-0.143974383,0.12565439,-0.047666781,-0.236614661,0.098445842
0.510735859,0.013763885,-0.217957378,0.054725921,0.022141285,-0.052944638,-0.024148334,-0.032286673,-0.021607019,0.188799191,0.070215897,-0.364963653,-0.081626768,-0.08199015,0.09514698,-0.002188133,0.546309683,-0.003494457,0.005423496,-0.326152988,0.055535389,-0.02789931,-0.302678394,0.145464132
-0.083294767,0.073596901,-0.156826883,0.006993031,0.034029352,0.028920324,-0.010572282,0.052427038,-0.06623199,0.063272706,-0.088561195,0.495566643,0.005421777,-0.002390267,-0.042845457,-0.001840597,0.03286664,-0.008887799,0.000835525,-0.252265736,-0.176724664,-0.130981545,-0.24765646,0.065094323
1.589569437,-0.015705618,-0.155555331,0.088811212,-0.036008536,0.006470992,-0.009116801,0.019292896,-0.01958473,0.277802683,0.114797457,-0.377865954,-0.112533937,-0.036324709,0.056814123,-0.002008732,-0.095523559,0.002248826,-0.037426073,-0.254087307,-0.085128936,-0.018569854,-0.186182132,-0.000638701
0.277929256,0.075305434,-0.151052689,0.057432854,-0.047111225,0.01258057,-0.015211955,-0.006561697,-0.031370679,0.09362567,-0.116533857,0.63017751,0.007035698,-0.033363158,-0.04657789,-0.001358617,-0.017113636,-0.041650717,-0.053242701,-0.293418875,-0.286297837,-0.100385162,-0.185980752,0.045881432
10.07349749,-0.35063175,-0.109889051,0.162083932,-0.283720748,0.050331137,0.080364529,-0.174703182,0.040098635,-0.115817833,-0.019922112,-0.564802367,0.044112333,-0.09248987,-0.044455921,-0.001917071,0.015526274,-0.017830562,0.001773984,-0.252301125,-0.119769632,-0.107016898,-0.058862297,0.084071821
-0.268665277,-0.231414647,-0.274664179,-0.064795673,-0.087957441,0.000495689,-0.155019119,-0.052511729,-0.057799408,-0.261062287,-0.124285965,-0.910917378,-0.110002756,-0.111850335,-0.025215636,-0.002263823,-0.333354935,-0.007379627,-0.182361517,-0.190636467,-0.279136895,-0.073310755,-0.38652789,-0.075460342
0.361309586,0.091234186,-0.182967928,-0.125616436,-0.063918189,-0.043876084,0.075075999,-0.023038536,-0.028930429,-0.110024356,-0.076977199,-0.707551199,-0.119432563,-0.041868734,0.051212408,0.013310624,-0.066276982,-0.00101135,0.024443861,-0.283077187,-0.135825062,0.119378002,-0.296120287,-0.010349394
0.158490805,-0.202726993,-0.099385303,-0.146133863,-0.066682725,-0.088008779,-0.020287225,-0.069498583,-0.042483516,-0.276135493,-0.091495486,-1.026086077,-0.114055647,-0.012827233,0.023920693,-0.002051045,-0.1073666,-0.001867043,0.023499508,-0.210216846,-0.164949747,0.060377869,-0.330083571,-0.071892513
-0.135946077,-0.168812466,-0.226707111,-0.105627258,-0.059462375,-0.049963957,-0.016320619,-0.016361581,0.027462844,0.07503643,-0.06082098,-0.829149843,-0.066839067,-0.052971592,-0.027218804,-0.002217549,-0.226124019,-0.004105968,0.033625629,-0.12956928,-0.145816509,0.04140765,-0.282533528,-0.055242641
0.353777613,-0.115011561,-0.259139657,-0.030914253,0.006914093,-0.04074291,-0.029304019,0.019220681,-0.09607392,-0.247786856,-0.093478411,-0.755280271,-0.148229417,-0.042264112,-0.063637259,-0.002215238,-0.088241068,0.009540802,-0.012746735,-0.262923919,-0.150579973,-0.039469121,-0.328549127,-0.041387624
2.008388094,0.027718954,-0.143725165,-0.003544009,-0.036909708,0.033888518,0.104427382,-0.057895542,0.11350673,-0.19757371,0.194689632,-0.451496737,0.361197661,0.017305215,0.072883007,-0.002048529,-0.011593529,0.003234617,0.029051519,-0.173918146,-0.081895881,-0.002584858,-0.218909262,0.157766059
-0.17586224,-0.043721903,-0.140122642,-0.075252497,-0.069384365,-0.092901807,0.049296883,-0.08120726,-0.0691741,-0.257402701,-0.067511862,-1.258941334,-0.069493784,-0.00710167,-0.036340818,-0.002374328,-0.207534713,-0.003034921,-0.084942258,-0.095039875,-0.26438922,0.013296337,-0.269779704,-0.020712041
-0.328540998,-0.257018722,-0.299489775,-0.169369232,-0.076537125,-0.082304532,-0.031128627,-0.060134298,-0.010174705,-0.267867481,-0.124678224,-0.897613693,-0.119386997,-0.07060456,-0.008865323,-0.002365726,-0.265409554,-0.009660079,-0.152428681,-0.122005649,-0.233117123,-0.008502553,-0.361877459,-0.064154512
0.732949109,-0.06563417,-0.146505669,0.014220151,0.062698382,0.051436572,0.007039496,-0.00296128,0.154585639,-0.164575294,-0.05035536,-0.95811236,-0.09647588,-0.050669669,0.013069774,-0.001734499,-0.074962636,0.010092082,0.043655041,-0.169218321,-0.122632939,0.065842474,-0.242157493,0.071588512
2.769417073,0.070211845,-0.086457569,-0.036942994,-0.051694693,-0.087444056,0.063400114,-0.051653029,-0.046441068,-0.281119893,0.009583261,-0.564977235,-0.049841397,-0.026497431,0.057792539,-0.001763436,0.36447197,0.017224062,-0.046350366,-0.235761834,-0.134314479,0.045301006,-0.139113667,-0.121881315
0.977929777,-0.174300373,-0.18900366,-0.074031178,0.009111569,-0.113724217,-0.012570554,-0.096275993,-0.086908841,-0.376192679,-0.146650493,-1.239573879,-0.165729923,-0.139549883,-0.09288543,-0.001846506,-0.087972515,-0.088294573,0.023432154,-0.280255303,-0.307179492,-0.042961003,-0.307502431,-0.156634815
0.088755186,-0.039918428,-0.259215003,-0.130671836,0.035332591,-0.065172028,0.014730267,-0.056342516,-0.065993355,-0.259941897,-0.108612683,-1.342835023,-0.102385496,-0.058987733,-0.060398525,-0.002173162,-0.197238902,0.005732224,0.026507541,-0.225786614,-0.170066312,0.062351237,-0.275432549,-0.070348605
-0.254856575,-0.211846859,-0.343828666,-0.030765023,-0.077320593,-0.000469326,0.039999087,-0.063301192,-0.033672351,-0.232001133,-0.06992023,-0.915716902,-0.119442648,-0.061433508,-0.048945374,-0.002203058,-0.198699479,-0.002930893,0.029499903,-0.135877391,-0.252552527,-0.037021885,-0.306441676,-0.039885371
-0.065685157,0.214610802,0.165040417,0.091191214,0.167027702,0.079869187,0.024289425,0.105152011,-0.042885144,0.012165516,0.06725961,-0.291628017,0.16501154,-0.016004648,0.045438469,-0.001185443,0.621848021,-0.007115216,0.024621331,-0.114454075,0.043939887,-0.031588269,-0.064471631,0.080471618
0.63977058,-0.183641749,-0.210477718,-0.131080375,-0.056882703,-0.06538938,0.06148149,-0.030541131,0.039459052,-0.234050709,-0.0705476,-0.868028595,-0.122532767,-0.034837575,-0.026988368,-0.002239435,-0.113192662,0.006789283,0.02445053,-0.24178477,-0.186209891,0.01547764,-0.222163863,-0.013719217
10.41639949,-0.203148975,0.081648507,-0.05382908,-0.202728251,0.07236453,0.045458327,0.006435693,-0.027877278,-0.271952631,-0.037608394,0.576131998,0.056912666,0.047803987,0.024413918,-0.00144756,0.045111597,0.048918786,0.001662177,-0.255776959,-0.074645824,0.113549117,0.277388531,0.241456936
-2.740294124,-0.009555337,-0.114805914,-0.217677748,-0.136664154,-0.421721743,0.018028648,-0.055204106,-0.087419938,-0.159546747,-0.14017461,-1.57087797,-0.084711992,-0.059572249,-0.073419482,-0.005236311,-0.226747198,-0.012257222,0.047950607,-0.291611294,-0.403648099,-0.029949651,-0.389532828,-0.238583158
0.267808515,0.003101085,-0.132115823,-0.056776293,-0.003001491,-0.070016115,0.00573445,0.017370803,0.169283925,-0.153654383,-0.064443618,-0.73791149,-0.045720322,-0.034315514,0.06055994,-0.002226805,0.574335019,0.00565858,0.005741658,-0.109384511,-0.121783141,0.10714692,-0.144348696,0.080131297
0.065416122,-0.116819188,-0.100464326,0.015306771,-0.037194473,-0.06818049,-0.013327706,0.125830949,0.13733813,0.018991091,0.066844585,-0.489622653,-0.046130361,-0.043573349,0.053464464,-0.002110612,0.480043503,0.016061692,-0.053375929,-0.109628997,-0.087795494,-0.021373024,-0.156707683,-0.015830928
10.11227555,-0.2597576,-0.039627992,-0.055100635,-0.239199678,-0.105143808,-0.054299703,-0.128581447,0.125951005,-0.320578897,-0.025202607,-0.656280038,0.064834607,-0.050717082,0.009515749,-0.001810119,0.31682667,-0.009695991,0.005599319,-0.19677804,-0.150524058,-0.073610689,0.205691289,0.210464858
0.035425525,0.034707543,-0.182989018,0.001569593,-0.03120528,-0.084758443,0.01333112,0.049585945,0.063562354,-0.008728311,-0.048574941,-0.651090357,-0.089008723,-0.055232806,-0.010038094,-0.002233719,-0.062465235,-0.006230752,0.031707153,-0.134107094,-0.08895855,-0.029419867,-0.125913971,0.026205341
-2.381082002,0.015337311,-0.042767684,-0.139068005,0.022066862,-0.139694871,0.098806456,-0.007601733,0.301781616,-0.142053683,-0.104648576,-0.854656231,0.001738441,-0.022291718,-0.016012325,-0.006295823,0.387304532,0.018926195,0.063429804,0.020333497,-0.228005571,0.038372925,-0.161552155,-0.02098433
-1.490871137,-0.03550322,-0.076752786,-0.109926235,0.061139051,-0.223267403,0.030974136,-0.052524431,-0.029667134,-0.154936514,-0.053992266,-0.807227016,-0.031935767,-0.060820256,-0.008575761,-0.005482942,-0.023621702,-0.007688895,0.073604152,-0.035756446,-0.274728843,-0.049971305,-0.196532143,-0.002732503
-1.492816401,0.415757159,0.016715437,0.132745905,0.099206918,0.140280467,0.160421695,0.068331468,0.044997226,0.078881183,0.193472142,-0.558919738,-0.004610859,0.031721267,0.027894478,-0.00253269,0.526500897,0.133618763,0.091606196,0.110630502,-0.126973703,0.079404029,-0.029124997,0.088339548
-2.329388522,-0.014950352,-0.078531308,-0.107835191,-0.099266086,-0.414034658,-0.017447847,-0.063213463,-0.044030967,0.022407945,-0.119234585,-1.18060712,-0.031481229,-0.02354249,-0.130965868,-0.005236685,0.274588012,-0.013835697,-0.257937387,-0.053938277,-0.328985763,-0.066853851,-0.29452605,-0.105533147
12.03018546,-0.097819907,0.025519551,0.008048484,-0.245973861,0.00925447,-0.056283223,0.021016604,0.089206615,-0.176222096,0.073317294,-0.520905562,0.026711599,0.102692223,0.288019248,-0.001823445,0.108266098,-0.012240731,0.018402076,-0.236265476,-0.156373853,-0.069445715,0.26539532,0.240199755
0.109529484,0.220213632,0.132840031,0.039761922,-0.000604937,0.094782086,0.029971375,0.054936916,0.314163682,-0.106259168,0.003821131,-0.131133884,-0.015418286,0.063822751,0.075536541,-0.001420919,0.779088298,0.036988056,0.045173683,0.250316372,-0.004272767,0.003495426,0.045925204,0.183058865
0.38346538,-0.078459537,0.098049093,-0.198930274,-0.051334516,-0.10713533,0.040751622,0.064683643,-0.052916641,-0.255585152,-0.077879942,-0.839642834,-0.145645614,-0.006358002,-0.046730258,-0.002111572,0.17300073,-9.08E-05,-0.112815599,-0.218767711,-0.150668708,0.089896183,-0.12341211,0.095342099
10.42144389,-0.231092696,-0.025903413,7.02E-05,-0.230268612,-0.095363339,-0.002605845,-0.018927462,-0.042152148,-0.057842764,-0.042910569,-0.557734376,-0.032372953,0.024321081,0.157953428,-0.00211209,0.187033655,-0.006416616,0.000590501,-0.18742131,-0.106288899,-0.073056896,0.256167548,0.234935877
2.205437998,0.0402023,0.188758571,-0.053967526,0.006405159,-0.028184149,0.087099449,-0.011506116,0.109428348,-0.214979781,0.170326511,-0.400789825,-0.099454753,-0.031363779,0.085674109,-0.001784609,-0.087588855,0.019741339,0.02631967,-0.191595644,-0.045450676,0.043340969,0.087165307,0.079941354
1.636935152,0.013421632,0.160261082,0.019462881,-0.003450323,-0.009044757,-0.027101685,0.033643739,0.114651616,-0.194405173,-0.015741257,-0.494596767,-0.114929268,-0.025627881,0.069129084,-0.001547929,0.068564581,0.019820691,0.026122964,-0.167255577,-0.054551779,-0.005667336,0.029871637,0.203677148
-0.034401777,0.131720872,0.282179266,0.022960348,0.000415684,0.093939506,-0.033669464,-0.026108178,0.051650906,0.123414823,-0.06088817,0.528492885,0.149891694,-0.010080103,-0.013609593,-0.001316781,0.000925882,0.041267046,0.008626323,-0.146861639,-0.137464073,-0.015842313,-0.090639704,0.143439922
-0.620957264,0.075063964,0.085820927,0.012055823,-0.020843576,0.081559354,0.020262808,0.184176368,-0.044436336,-0.148785514,-0.053189052,0.69893403,-0.02957171,0.00853842,-0.023729141,-0.00167318,0.229064062,0.039003631,0.020407867,-0.0981762,-0.200012628,-0.036375477,-0.149169938,0.106731372
-1.065792407,0.055237862,-0.060243662,0.009509655,0.000740166,0.069786475,-0.100808882,0.143501056,-0.02084887,0.034577278,-0.075319551,1.093393554,0.070772249,-0.005482401,-0.004187104,-0.003028034,0.075180018,0.021006258,0.013570783,-0.103790014,-0.247811167,-0.101580125,-0.167656678,0.11433877
-0.090476239,-0.103326655,-0.198260733,0.038690777,-0.055873797,-0.117152685,0.009538231,-0.025133977,-0.076591882,0.223479974,-0.092681398,-0.506060288,0.046526863,-0.068709491,-0.029523964,-0.002378941,-0.043789251,-0.016843339,0.014121493,-0.157375704,-0.268922348,-0.055294882,-0.272708689,-0.079662066
0.042915607,-0.045917157,-0.220264388,-0.004924819,0.033676738,-0.031765536,0.030570738,-0.055157023,-0.017413034,0.002042233,-0.063325364,-0.722230089,0.2125164,-0.018179674,-0.027578918,-0.002411555,-0.168092489,0.027322432,-0.006606142,-0.145461625,-0.109107861,0.100150801,-0.143781621,0.014146454
0.374864564,0.102943944,-0.064934463,0.019171898,0.025615317,0.005967026,-0.036513691,-0.029864401,-0.045161823,0.069535241,-0.107773084,-0.312977122,-0.01719797,-0.038084114,-0.004462971,-0.001995481,0.54904393,0.021818911,-0.0006663,-0.24881094,0.039585233,-0.05145848,-0.111015534,0.038056886
-0.47870646,0.013489997,-0.282960289,-0.023411116,-0.036400007,-0.011239583,-0.457490187,-0.119049069,-0.132820605,-0.116568068,0.045399978,0.544434019,-0.351336518,-0.201815999,-0.110892653,-0.001774353,-0.008928534,-0.015090722,-0.107283025,-0.318397607,-0.395482946,-0.186735097,-0.346307749,-0.198321561
2.809170454,0.247273065,-0.067013525,0.06260465,0.130406886,0.147312645,0.210601759,-0.033440669,0.029209995,0.329392131,-0.00307083,0.079214094,0.511086542,0.160070489,0.119760222,-0.001736314,0.100621651,0.071592661,0.175557557,-0.149213454,0.132045719,0.023650948,0.06144962,0.225888325
-0.214061242,0.056021953,-0.126878796,-0.017082859,-0.044683001,0.025232595,-0.011580109,-0.054578389,-0.049273804,-0.037028883,-0.108296195,-0.360455535,0.122188387,-0.061581545,0.007357928,-0.001911348,-0.089103125,-0.017132426,0.03499595,-0.11843699,-0.181969899,0.003257509,-0.202030673,0.032009006
-0.175012223,-0.176126157,0.009635145,0.041896964,-0.030406366,0.046274551,-0.099225781,-0.07061492,-0.014683724,-0.179173372,0.068404662,-0.358750706,0.083560008,-0.050580409,-0.056875217,-0.001670974,0.396157507,-0.01262315,0.022282403,-0.117930959,-0.17475925,-0.058705871,-0.255437807,-0.07744211
-0.117969394,0.096359793,-0.114083292,-0.054119876,-0.036027755,0.011892319,0.000932548,-0.046204045,-0.057622935,-0.045610334,-0.061063879,-0.475912054,0.07603996,-0.022207861,-0.007494198,-0.002280182,-0.121025847,-0.009236426,-0.06669727,-0.113613932,-0.153826764,-0.04176493,-0.189731085,0.028978398
9.591452936,-0.260402278,0.057346261,-0.02385935,-0.245676297,-0.112612776,-0.078376582,0.063508649,0.114650461,-0.196886758,0.094621006,-0.620196749,-0.039174869,-0.152395761,0.03860737,-0.002232124,-0.011754334,0.009539654,0.039861115,-0.245738418,-0.088882814,-0.092089553,0.14643282,0.236845932
0.519503293,0.178235765,0.29787901,0.078049149,0.076213105,0.058988147,-0.021308461,-0.013723807,0.034057964,-0.104507078,0.186359207,0.995359894,0.176497585,0.065826752,0.105367061,-0.001591946,0.104856622,0.015243288,0.010511545,-0.225003361,0.099860011,-0.051454087,0.046588707,0.185937652
-0.143011142,0.192242686,0.17653456,0.033327338,-0.004447864,0.028739246,0.099358267,0.117127142,0.402147468,-0.078005052,0.032870823,-0.293155891,-0.030343957,0.013949685,0.060957117,-0.002307536,0.650000534,0.005995697,0.045238581,-0.011424942,0.023601269,0.017926813,0.002006646,0.163186848
-2.368824003,-0.190173057,0.005661727,-0.156610226,-0.072646062,-0.076368138,-0.136360163,-0.032628255,-0.088770495,0.027794056,-0.245873429,0.317882113,-0.339405095,-0.162771439,-0.022656103,-0.004617663,-0.779131727,-0.190461477,-0.007411548,-0.167574914,-0.563508686,-0.174475213,-0.436753899,-0.299051913
-0.367686023,0.184219997,0.211653085,0.074806907,-0.01400269,0.042401244,0.108638328,0.120787277,-0.014181763,-0.017146315,0.002467741,-0.242469185,0.194568785,0.052250293,-0.008036742,-0.002248255,0.570002823,0.00663479,0.034523953,-0.036749468,-0.012811782,0.014599067,-0.019626414,0.112600508
0.412893584,0.22617482,0.321092064,0.08112631,0.272386554,0.134792959,0.052071385,0.291973733,0.026370111,0.23483464,0.114848359,1.664681876,0.273586769,0.006686022,0.144474697,-0.000743784,0.184727517,0.074549995,0.159378496,-0.128522883,0.277511476,0.415020542,0.11749722,0.272708606
-0.817250754,0.149779709,0.073204403,-0.074738349,-0.051630176,-0.037126457,-0.203765524,-0.019462075,0.000776748,0.179433758,0.13599805,0.756344591,-0.131918878,-0.007223947,-0.021422008,-0.001791544,0.238524925,0.011481573,-0.055048688,-0.202444211,-0.222548541,-0.139779214,-0.170376562,-0.054971617
0.643482245,-0.466768263,-0.070871445,0.007330055,-0.073768099,-0.066689247,-0.242097051,0.067213892,-0.078204474,0.087746437,-0.21552106,-0.356189763,-0.116562759,-0.14117061,-0.201974733,-0.00116087,-0.614740972,-0.132292773,-0.017376566,-0.438603437,-0.163982077,-0.21222042,-0.370460432,-0.297558321
-2.970181052,-0.029627886,0.128814741,-0.026597736,0.010387493,-0.263048956,-0.00971824,-0.058053138,-0.036551987,0.003018467,0.064679104,-0.965863346,0.047367099,-0.039822758,-0.083455101,-0.006128603,0.047806894,-0.077082886,0.025671805,-0.230459983,-0.344532753,-0.063596128,-0.288117281,0.02745785
-0.456668664,0.047083717,0.193440306,-0.015058642,0.124993,-0.067907208,-0.101171313,-0.118089404,-0.103529105,0.209920574,-0.015443145,-0.682544591,-0.140232211,-0.024616825,-0.061053568,0.000186712,-0.118452016,-0.001735943,-0.00112621,-0.213058821,0.108475398,-0.087239924,-0.144019287,0.105504488
-0.615885126,0.103189959,0.255734596,0.016299769,-0.032274173,0.006913216,-0.081829345,-0.080343099,-0.036464579,0.045587889,-0.098641299,-0.509647453,-0.058054087,0.051944926,-0.025462268,-0.001596121,-0.104158573,-0.004016502,0.018402013,-0.145642091,0.266246788,0.061156746,0.023873862,0.085633873
0.095229656,0.182480014,0.62738676,0.063709067,0.020125612,0.093583952,0.402441028,0.005377981,0.020400213,0.32238044,0.019278158,-0.18529548,-0.036914109,-0.004953479,0.129886907,-0.001678491,0.151593181,0.001576929,0.021587973,-0.108089143,0.389862446,-0.035700568,0.027838742,0.250067682
13.26253295,0.114156117,0.168005979,0.095346414,-0.262832896,0.025358038,0.114120379,0.094502466,0.01548956,-0.012877319,0.146888378,0.167363574,0.043911388,0.184429707,0.349737107,-0.000992574,0.137463261,-0.013190152,0.001291298,-0.228213312,0.218176444,0.298851284,0.366387133,0.7617168
-0.042838007,0.292661481,0.362853901,0.069245021,0.163157216,0.125675889,0.107566399,0.429710774,0.606127239,0.105897242,0.089841725,-0.019072512,0.10850225,0.14447268,0.137928675,-0.002342128,0.128677421,0.082893293,0.106517813,-0.018178497,0.60013462,0.047438653,0.126372019,0.51434975
-1.320048498,0.631371713,0.239958439,0.06649517,0.290910056,0.189957216,0.026991735,0.250299051,0.050931011,0.157740378,0.418327977,2.459139088,0.08662586,0.08312091,0.109024751,-0.002621562,0.20351581,0.037127328,0.038059874,0.615882104,-0.055621096,0.003601276,0.120075317,0.522042207
1.399216342,0.037213434,0.214291159,0.003888698,-0.057265088,0.048082083,0.015362101,-0.051703814,0.057724035,0.294742688,0.126438444,-0.670721295,-0.118998885,-0.01681861,0.035307496,-0.001598584,-0.006045392,0.000144437,0.026649269,-0.328565599,0.195532919,-0.041374408,-0.117871335,0.305573221
-0.605086196,-0.112098125,0.193239785,-0.034908688,-0.122474097,-0.037182258,0.00358163,-0.027498342,0.178304202,0.01527819,-0.02303147,-0.384165247,-0.097011508,-0.056209275,-0.113964806,-0.002102346,-0.261947472,-0.019923011,-0.001578171,-0.11077753,0.125527045,-0.099417084,-0.091240741,0.123158485
-2.287996422,0.026726933,0.034094716,-0.043752575,-0.115116759,-0.256066919,-0.050556034,0.055151028,-0.065110614,-0.224372778,-0.103260825,-0.820602673,-0.052657419,-0.077162364,-0.116663497,-0.005324138,0.163971639,-0.01712814,-0.296040436,-0.146324027,-0.341913935,0.00981853,-0.228287749,0.024024175
-0.453739112,0.046632974,0.122971647,0.007933465,-0.062433265,-0.097770282,-0.023590125,-0.043502114,0.134495996,-0.062194593,0.073395244,-0.654022887,0.10898503,-0.027607042,0.011542428,-0.002533377,-0.019656858,-0.009498913,-0.135778293,0.567926496,-0.106903334,-0.028753619,-0.119491474,0.159153611
-1.169722668,-0.09007527,0.142808664,0.012261626,0.083920828,0.019447413,-0.05083923,-0.012768855,0.030766012,0.008530731,-0.050037785,0.905924373,0.041365581,0.052870159,0.004127059,-0.002362831,-0.129857977,-0.010372055,0.004132901,-0.061637079,0.322891786,-0.060007724,0.035714059,0.093851155
-0.02889589,0.015179061,0.199013724,0.02783853,-0.018082153,0.03518823,0.116873525,-0.126258149,-0.051615868,0.199563274,0.08197707,1.064193849,0.045813767,-0.027539514,0.035517956,-0.001386567,0.098377105,0.001498811,-0.021154715,-0.303257975,0.258984069,-0.05075431,0.050811026,0.020803866
-1.217583633,-0.16654476,0.101285282,0.034726691,0.044594931,0.022450246,-0.09682091,-0.074130593,-0.081118628,0.006556673,0.137610985,0.741296497,-0.020973823,0.073467437,-0.010699359,-0.002667658,-0.172783478,0.011974644,0.010848372,-0.132837454,0.162177187,-0.135998539,-0.067453343,0.041802697
-1.338295015,-0.124253705,0.080299996,-0.038715353,0.015710822,0.083563013,-0.068660576,-0.00836557,-0.069050794,0.009143274,0.168457579,1.107817495,-0.034265539,0.054916434,0.025059947,-0.0027979,-0.223270302,0.010682945,-0.056756598,-0.093191362,0.32172218,-0.089237191,-0.045721666,0.153191971
2.14871352,0.212160748,0.499624119,0.014077845,-0.025040531,0.050160543,-0.028694309,-0.05132914,0.140222723,0.233735658,0.17246163,-0.474499979,-0.067495909,0.080777109,-0.03116803,-0.001253209,-0.073893749,0.012933932,0.063509743,0.110253299,0.074570806,0.132971921,0.317469766,0.145375499
-0.007957339,0.09236727,0.394217298,-0.006795205,0.139311461,0.013392923,-0.031381282,-0.029369327,-0.028705457,0.040590499,0.090011948,-0.627950451,-0.064420649,-0.020588036,-0.031836776,0.010134541,-0.123062763,-0.000981478,0.040570684,0.061800061,0.038265636,-0.05186041,0.134374913,-0.042413451
3.116794671,0.295666731,0.686933261,0.261831679,0.17205034,0.141314891,0.201780468,0.312300562,0.03440147,0.160242526,0.233213059,0.051906587,0.030943365,0.287005881,0.060575853,-0.001557037,0.009286162,0.013458602,0.055280185,0.946982536,0.375478424,0.103883235,0.468581158,0.3930525
-1.174371723,-0.144162607,0.021527951,-0.003437937,0.024354691,0.020118066,-0.099551149,-0.069464581,-0.068024502,-0.107284143,-0.098641579,1.036201174,0.052259815,0.025531408,-0.020692589,-0.002803261,-0.211451805,-0.026592774,0.02976323,-0.138603996,0.270438303,-0.122152048,-0.149931641,0.048857418
0.303876937,0.196905728,0.175003574,0.052062833,0.063743951,0.106475725,-0.019634238,-0.007214862,0.009112207,0.079865176,-0.111836392,1.465816742,0.18734061,0.029073574,0.082031305,-0.001516103,0.045949069,0.000493175,0.054964896,-0.212881959,0.318787333,-0.081657138,0.027309838,0.144587287
-0.646495814,0.130042883,0.042801723,-0.011929775,0.031121667,-0.018332602,-0.088498292,-0.068074043,-0.015919638,0.02012428,-0.134980561,0.70814927,-0.044076067,0.0004511,0.058506556,-0.002161312,0.015962918,0.009464021,-0.033944157,-0.170282149,0.174388279,-0.036208166,-0.133948202,0.07238998
-0.688914884,-0.055809844,0.043014495,-0.007456155,-0.03714581,0.002482458,-0.07520376,-0.082174623,-0.048343165,0.065314763,-0.015428077,1.261959199,-0.02652912,0.059001925,-0.048109459,-0.00236163,-0.106694841,0.005945603,-0.053064355,-0.174825709,0.210202285,-0.070557774,-0.155308921,0.073887499
0.121945177,0.071882363,-0.189672433,-0.063548328,0.04144376,-0.019313613,0.095952561,-0.037249162,-0.035597283,-0.21280072,-0.056855696,-0.780426627,-0.049192645,-0.039153749,-0.00222316,-0.001745094,-0.189573035,0.002090409,0.049718953,-0.096653714,-0.108081942,0.08786386,-0.197548276,-0.025092643
-2.656397132,-0.022843126,-0.122803884,-0.194592197,-0.13180574,-0.310999011,0.061516409,-0.045206994,-0.06661519,-0.180982218,-0.065688541,-1.309184848,-0.007401411,-0.052874817,-0.058919188,-0.006354112,-0.201355328,-0.007094208,-0.019369741,-0.280112516,-0.413458929,0.012713997,-0.407818241,-0.162024275
-0.024722439,0.041253391,0.024876466,-0.003692087,0.029294865,-0.026277655,-0.023278655,-0.002554951,-0.051395226,0.142868242,0.022389069,-0.600174569,-0.065921441,-0.077677356,0.011340929,-0.002352687,0.111338468,0.00710873,-0.081784258,-0.147370743,-0.098276863,-0.037301572,-0.229924305,0.006950645
1.222742839,0.123129031,0.015791495,0.011357439,-0.048701327,0.067409926,0.045724237,0.058054754,0.237295238,-0.210071098,0.001983661,-0.409209206,-0.120813443,-0.049034443,0.06777867,-0.001715962,0.088392402,0.003963987,0.026645337,-0.176932277,-0.101882272,0.016729834,-0.200666745,0.117774964
-1.123594013,0.110062418,0.022482199,-0.010809748,0.008901659,0.01464421,-0.038287033,-0.015497955,0.001333736,-0.006475935,0.19961118,1.464255929,0.012988594,0.130561145,-0.031251141,-0.002936004,-0.230635355,0.008021771,0.005773171,0.157245025,0.416707207,-0.050564232,0.275182007,0.30608898
-0.253956711,-0.091056175,-0.02810214,-0.000885254,0.136636714,0.019972495,-0.08616666,0.020127715,-0.051983093,0.063369964,0.302069699,0.984032524,-0.013376762,0.053458906,-0.047406214,-0.001498195,-0.320721337,0.016190278,0.009244335,0.213498972,0.246812634,-0.038856659,0.159189601,0.244639612
1.018785786,0.101942377,0.003387355,0.04905524,0.471808849,0.084255865,0.363607983,0.176146534,0.085633105,0.373363261,0.498008161,1.385489969,0.000657636,0.173334325,-0.016848019,-0.001501295,0.114228086,0.012237402,0.039672964,0.486135741,0.379935901,0.131586539,0.24020711,0.420049979
-0.438519591,0.073474832,-0.247311921,0.082310023,0.050210261,0.03144666,-0.195563892,0.097830451,-0.073414536,-0.152604281,0.083709358,-0.62831747,-0.072928815,-0.052779961,0.038475864,-0.001968822,-0.081751087,-0.006726094,0.016150522,-0.107779981,-0.107538501,-0.061317013,-0.38770047,0.078235339
1.729702785,0.114151735,-0.173916714,0.147689923,-0.024315673,0.081280146,-0.004189794,-0.026406262,0.004876734,-0.100569068,-0.023557357,-0.175492818,0.372294828,-0.018032337,-0.037353107,-0.002074917,0.12842492,0.00736162,0.020685741,-0.244026767,-0.042435656,-0.020655633,-0.217798372,0.206601341
1.0601932,-0.033229507,-0.187316392,-0.008837545,-0.051259982,0.013185992,-0.025592498,-0.02022442,-0.091332707,-0.253232658,0.126978711,-0.583851712,-0.137057605,-0.014216352,0.006208548,-0.00160754,0.019106116,0.005798174,0.040459309,-0.267123453,-0.125171148,-0.017872444,-0.313560523,0.073522904
-0.056774512,-0.290381722,-0.33992349,-0.141063165,-0.062813289,0.013782296,-0.077470686,-0.082025785,-0.073722961,-0.044005156,-0.047653702,-0.820222213,-0.078535488,-0.025253141,-0.050824289,-0.002102797,-0.200742319,-0.032616893,0.020103334,-0.264141524,-0.248159064,-0.079100284,-0.388496486,-0.036279851
-0.157078065,0.0829419,-0.190940464,0.004240882,0.011153949,-0.06973983,-0.213857511,-0.037138186,-0.099005599,-0.090877101,-0.129878721,0.942960289,-0.144107751,0.005055455,0.006717304,-0.001535479,0.028042658,-0.034065698,0.014834779,-0.36142469,0.202543742,-0.184543025,-0.356942096,0.049666021
