Geography,lon,lat,his_num_311_per_property,neighbor_his_num_per_property,snow_depth,percent_below_poverty,percent_civilian_unemployed,per_capita_income,percent_no_highschool,percent_65older,percent_17younger,percent_household_disability,percent_single_parent_household,percent_minority,percent_notwell_english,percent_singleunits,percent_multiunit,percent_mobile_homes,percent_owneroccupiedunit,percent_crowding,percent_group_quarters,median_year_properties_built,median_value_properties_built,percent_no_vehicle,311_index_per_property
360290030001,1089661.64824,1059713.18885,52.27272727272727,47.68613716115991,108.1495945148466,0.21415608,0.0,25159,0.0,0.130671506,0.303085299,0.216216216,0.741935484,0.77676951,0.035320088,0.495575221,0.0,0.0,0.548262548,0.069498069,0.0,1920.0,54000.0,0.108108108,21.96969696969697
360290170001,1084502.76611,1066126.63657,33.155080213903744,43.2666043382977,87.78157183614931,0.042769857,0.049180328,45450,0.076112412,0.106924644,0.073319756,0.226980728,1.0,0.958248473,0.0,0.758483034,0.0,0.0,0.817987152,0.0,0.0,1920.0,43000.0,0.263383298,13.368983957219251
360290008001,1084924.00019,1036775.19106,29.48717948717949,30.048096806994355,149.57070452315705,0.05344296,0.020220588,30061,0.209580838,0.162384378,0.21274409,0.303116147,0.183246073,0.274409044,0.035106383,0.645892351,0.016997167,0.0,0.722379603,0.0,0.0,1920.0,121000.0,0.016997167,7.371794871794872
360290166001,1078698.84675,1054669.3531,31.11111111111111,40.98929631613377,109.6061878587235,0.28150874,0.217252396,13172,0.301369863,0.09475621,0.493100276,0.405594406,0.444029851,0.97700092,0.048840049,0.497641509,0.0,0.0,0.674825175,0.13986014,0.0,1910.0,23000.0,0.548951049,11.11111111111111
360290027031,1080298.81313,1056300.11888,65.6891495601173,44.42754627638244,109.19637163443912,0.811748999,0.035190616,8253,0.356617647,0.054521277,0.347074468,0.394265233,0.265225933,0.916888298,0.22697126,0.27753304,0.292217327,0.0,0.202508961,0.03046595,0.029255319,1900.0,23000.0,0.564516129,15.835777126099709
360290167001,1089442.46845,1047394.36715,60.57347670250897,46.84343626271302,141.03225352282237,0.129296236,0.021097046,33694,0.084479371,0.127659574,0.10801964,0.435087719,1.0,0.144026187,0.0,0.495677233,0.0,0.0,0.561403509,0.0,0.0,1920.0,75000.0,0.087719298,15.053763440860216
360290047011,1085480.72618,1073046.60007,42.35924932975871,36.38691011663766,77.83377713189944,0.466666667,0.161184211,26939,0.093306288,0.0,0.24057971,0.150134048,0.93373494,0.514492754,0.038709677,0.70617284,0.0,0.0,0.203753351,0.0,0.0,1925.0,62000.0,0.174262735,12.332439678284182
360290168021,1074786.9162,1063359.78049,38.21656050955414,52.56394455870644,96.72490318132886,0.102917342,0.078651685,27303,0.148018648,0.138573744,0.108589951,0.319148936,0.653061224,0.987034036,0.0,0.353251318,0.105448155,0.0,0.395744681,0.0,0.0,1910.0,48000.0,0.172340426,10.191082802547772
360290006003,1085331.40822,1033383.86732,23.832923832923832,23.645008129408613,150.3216595901048,0.190130624,0.044117647,55035,0.0,0.233671988,0.088534107,0.0,0.0,0.0,0.0,0.880299252,0.0,0.0,0.922693267,0.024937656,0.0,1935.0,121000.0,0.117206983,4.914004914004914
360290054002,1070690.93605,1072007.02348,62.05128205128205,42.44092940709592,87.00773864415582,0.143812709,0.023706897,29451,0.176197836,0.154960981,0.220735786,0.123752495,0.621212121,0.353400223,0.0,0.045537341,0.327868852,0.0,0.201596806,0.0,0.011148272,1924.0,204000.0,0.153692615,9.230769230769232
360290067011,1067807.809,1060069.02423,104.94296577946768,52.95417264741152,90.64814767462674,0.274170274,0.0,38976,0.024,0.053391053,0.0,0.057742782,0.0,0.282828283,0.077922078,0.23373494,0.081927711,0.0,0.149606299,0.0,0.0,1900.0,179500.0,0.175853018,18.250950570342205
360290055004,1068243.87256,1070863.62101,48.8479262672811,53.1288037431413,84.82093113376638,0.459879206,0.0,16989,0.059936909,0.006902502,0.366695427,0.223529412,0.024630542,0.552200173,0.238779174,0.082524272,0.186893204,0.0,0.220588235,0.191176471,0.0,1913.0,83000.0,0.252941176,12.903225806451612
360290010003,1089018.0182,1037119.82219,36.36363636363637,35.48098812972158,154.39605391696892,0.213375796,0.062622309,33456,0.121538462,0.167550371,0.16330859,0.323353293,0.444444444,0.130434783,0.023758099,0.571052632,0.105263158,0.0,0.721556886,0.0,0.073170732,1910.0,76000.0,0.119760479,5.741626794258373
360290043002,1087526.06501,1072406.38488,31.125827814569533,31.191445676549726,77.8688713334084,0.5,0.045714286,34801,0.042600897,0.137982196,0.212166172,0.66873065,1.0,0.890207715,0.0,0.729050279,0.0,0.0,0.458204334,0.0,0.0,1925.0,47000.0,0.13622291,12.582781456953644
360290006004,1085281.65876,1032440.62598,36.89320388349515,21.19498995278916,151.78748127532242,0.021008403,0.098591549,41930,0.120980092,0.338440111,0.08913649,0.26645768,1.0,0.034818942,0.0,0.692789969,0.0,0.0,0.887147335,0.0,0.005571031,1933.0,113000.0,0.065830721,5.501618122977346
360290065012,1068335.55003,1063271.32703,74.43181818181817,54.86627799935447,89.89247732861685,0.166498486,0.078988942,42869,0.014066496,0.110998991,0.19778002,0.144869215,0.581632653,0.136226034,0.0,0.289738431,0.018108652,0.0,0.350100604,0.068410463,0.0,1900.0,309500.0,0.044265594,5.113636363636364
360290038002,1089621.92423,1062845.17034,37.79904306220095,42.163073830738405,99.0402734990205,0.175990676,0.25862069,18331,0.280163599,0.062937063,0.233100233,0.176678445,0.191860465,1.0,0.01547619,0.671686747,0.0,0.0,0.356890459,0.0,0.0,1920.0,41000.0,0.243816254,9.569377990430622
360290041001,1085811.00606,1066364.36092,46.84095860566449,40.91406918352233,87.54636718416168,0.456452638,0.055258467,13533,0.170967742,0.086404066,0.367217281,0.225746269,0.863888889,0.99047014,0.06028076,0.510176391,0.075983718,0.0,0.343283582,0.0,0.0,1920.0,44000.0,0.220149254,14.814814814814811
360290171003,1066213.97587,1065488.7516,59.83606557377049,67.42631378024345,81.8747382522858,0.228873239,0.054054054,26053,0.103703704,0.065140845,0.25528169,0.150470219,1.0,0.306338028,0.015122873,0.181208054,0.042505593,0.0,0.263322884,0.037617555,0.0,1900.0,100000.0,0.429467085,9.836065573770492
360290067014,1068717.8849,1059276.4587,31.67701863354037,56.3709840223866,88.85821950733649,0.002902758,0.10982659,59302,0.042662116,0.162554427,0.113207547,0.0,0.576923077,0.274310595,0.0,0.227459016,0.229508197,0.0,0.341880342,0.0,0.0,1900.0,296000.0,0.194444444,6.832298136645963
360290059002,1062576.58166,1072040.65394,50.256410256410255,48.644288438312,72.49006299514701,0.489192264,0.340720222,15453,0.228464419,0.092150171,0.259385666,0.403076923,0.793859649,0.584755404,0.208718626,0.217877095,0.0,0.0,0.4,0.095384615,0.0,1900.0,53000.0,0.335384615,4.615384615384616
360290058021,1062602.69844,1076168.57947,47.72036474164133,42.49956397523909,70.28950341682715,0.443249701,0.115183246,18932,0.291233284,0.157706093,0.11827957,0.407925408,0.515151515,0.514934289,0.132616487,0.368534483,0.122844828,0.0,0.27972028,0.016317016,0.0,1910.0,73000.0,0.596736597,7.598784194528875
360290043005,1087524.15871,1074133.03592,29.45205479452055,37.01522393243317,77.86800745375913,0.333900613,0.0,20211,0.170437406,0.094622192,0.306671205,0.292145594,0.857798165,0.755956433,0.0,0.608192342,0.0,0.0,0.462643678,0.0,0.0,1926.0,64000.0,0.0,15.753424657534246
360290056004,1065951.21246,1074125.37773,42.61363636363637,46.62956322421462,75.9595933965291,0.22783979,0.079522863,17240,0.112849162,0.084044649,0.363755745,0.34416826,0.380252101,0.810242942,0.043055556,0.317073171,0.196747967,0.0,0.346080306,0.0,0.0,1910.0,66000.0,0.187380497,9.659090909090908
360290045006,1079622.61123,1074533.16045,21.5686274509804,41.21486312101412,86.05017983760085,0.0,0.0,72700,0.0,0.246478873,0.122065728,0.204724409,0.653846154,0.084507042,0.0,1.0,0.0,0.0,1.0,0.0,0.0,1925.0,240000.0,0.0,7.352941176470589
360290168011,1074670.01562,1059268.01071,32.594936708860764,40.19630223039995,95.54796653965688,0.191855204,0.075085324,21860,0.098387097,0.098920863,0.17176259,0.218241042,0.461956522,0.951438849,0.068441065,0.39213198,0.0,0.0,0.615635179,0.058631922,0.006294964,1900.0,56000.0,0.426710098,8.860759493670885
360290040031,1081911.26454,1070486.37957,38.73873873873874,40.75313317390662,73.57536181476881,0.325816485,0.162337662,15436,0.295302013,0.166407465,0.379471229,0.595197256,0.945626478,0.958786936,0.003246753,0.133971292,0.377990431,0.0,0.123499142,0.010291595,0.0,1950.0,35000.0,0.370497427,9.00900900900901
360290067021,1071710.17753,1059674.62079,30.303030303030305,60.831462761909286,88.50928415131818,0.410085633,0.078544061,29678,0.0,0.216936251,0.104662226,0.325722983,1.0,0.236917222,0.0,0.105555556,0.6,0.0,0.135464231,0.111111111,0.0,1961.0,104000.0,0.321156773,12.87878787878788
360290165002,1070873.6151,1053500.48709,40.909090909090914,54.4576915179837,105.94029583891307,0.343799058,0.0,93273,0.190705128,0.183673469,0.014128728,0.246511628,1.0,0.510204082,0.100318471,0.0,0.83030303,0.0,0.279069767,0.0,0.150706436,1993.0,225000.0,0.325581395,9.090909090909092
360290045003,1079619.98224,1075758.60144,35.147392290249435,33.49551580354246,80.63556540472342,0.078089462,0.02345679,52280,0.044585987,0.246398787,0.119787718,0.176012461,0.139240506,0.113722517,0.0,0.583668005,0.066934404,0.0,0.788161994,0.0,0.018195603,1930.0,203000.0,0.023364486,7.482993197278912
360290065014,1066980.72947,1063258.79875,46.51162790697674,58.91657564503745,85.22750379602398,0.177130045,0.01384083,30290,0.0,0.235426009,0.096412556,0.073578595,0.0,0.219730942,0.004587156,0.279761905,0.0,0.0,0.401337793,0.0,0.0,1900.0,136500.0,0.193979933,6.395348837209303
360290027043,1081421.76321,1055188.27436,47.2972972972973,55.45828115257267,110.5951449364442,0.540785498,0.0,7751,0.516666667,0.0,0.471299094,0.492537313,0.211538462,0.933534743,0.072555205,0.262711864,0.0,0.0,0.656716418,0.149253731,0.0,1900.0,17000.0,0.343283582,16.89189189189189
360290034002,1082805.04921,1063427.47924,36.09756097560975,43.74494099884282,89.91465618840125,0.313929314,0.202797203,18488,0.222222222,0.16563147,0.161490683,0.053278689,0.276315789,1.0,0.0,0.446096654,0.0,0.0,0.540983607,0.0,0.0,1918.0,32000.0,0.631147541,14.634146341463412
360290054001,1072208.49577,1070319.23648,40.67796610169492,50.24419341107858,92.20300419864046,0.067035245,0.160443996,76523,0.017369727,0.217000691,0.107118176,0.0968523,0.0,0.230131306,0.016487455,0.296938776,0.241836735,0.0,0.437046005,0.0,0.0,1934.0,419000.0,0.078692494,8.192090395480225
360290059001,1062466.77569,1072746.52975,37.56345177664975,53.15184815184815,71.3571,0.332635983,0.0625,16767,0.307407407,0.077405858,0.215481172,0.676767677,1.0,0.148535565,0.033936652,0.572580645,0.0,0.0,0.5,0.0,0.0,1910.0,56000.0,0.035353535,5.583756345177665
360290055002,1066509.70244,1071246.42591,65.94827586206897,48.5714876246022,84.35128114020722,0.520291363,0.075675676,18872,0.194533762,0.106139438,0.20603538,0.348979592,0.232323232,0.477627471,0.123931624,0.17481203,0.060150376,0.0,0.132653061,0.059183673,0.003121748,1900.0,75000.0,0.495918367,15.086206896551724
360290024001,1088786.417,1053464.7906,42.04204204204204,46.10998141469108,128.5689125092417,0.046532847,0.015822785,36778,0.102372035,0.083557951,0.209344115,0.213157895,0.720670391,0.174303684,0.0,0.452054795,0.0,0.0,0.565789474,0.0,0.0,1920.0,58000.0,0.134210526,12.612612612612612
360290052022,1077900.94994,1065782.39101,40.10416666666667,48.96088976885377,90.61466276238228,0.377099237,0.065217391,26037,0.123287671,0.142748092,0.267938931,0.288248337,0.226837061,0.872519084,0.086021505,0.340836013,0.0,0.0,0.620842572,0.015521064,0.0,1916.0,103000.0,0.159645233,12.239583333333332
360290035012,1082735.56824,1060841.91939,41.74757281553398,40.63189883905663,93.71633187415424,0.491631799,0.0,15798,0.114967462,0.078451883,0.418410042,0.095115681,0.476489028,0.987447699,0.162192394,0.124481328,0.074688797,0.0,0.380462725,0.269922879,0.0,1918.0,29000.0,0.503856041,14.07766990291262
360290058024,1063833.76285,1077875.48694,29.84293193717277,42.21225993058587,71.43013290352928,0.289237668,0.037433155,16193,0.288088643,0.052729298,0.375789083,0.617177914,0.356926188,0.718158188,0.152073733,0.331346841,0.030989273,0.0,0.364417178,0.0,0.001856665,1925.0,70000.0,0.309202454,4.450261780104712
360290067023,1071321.19661,1058018.01578,139.1304347826087,46.324420715999175,92.9286,0.344916345,0.04,33144,0.116554054,0.19047619,0.023166023,0.271794872,1.0,0.567567568,0.0,0.037914692,0.881516588,0.0,0.027350427,0.0,0.0,1900.0,354000.0,0.201709402,21.73913043478261
360290025023,1074227.28808,1054286.73837,40.99616858237548,37.33297838515018,104.54766821824524,0.431616341,0.138392857,23476,0.170316302,0.179396092,0.195381883,0.217391304,0.427272727,0.941385435,0.012320329,0.303225806,0.169892473,0.0,0.43812709,0.0,0.010657194,1986.0,118000.0,0.244147157,14.942528735632186
360290071032,1065548.56195,1055382.62759,27.3972602739726,42.47215521918781,95.25266289483324,0.799375488,0.101754386,10758,0.19394773,0.07496136,0.404173107,0.439121756,0.247058824,0.887171561,0.219512195,0.16221374,0.082061069,0.0,0.0,0.157684631,0.0,1900.0,95000.0,0.568862275,1.36986301369863
360290035011,1081938.01663,1059009.42359,50.0,47.28086889022201,104.05740134238827,0.288848263,0.247311828,24182,0.163814181,0.323583181,0.219378428,0.245059289,0.148514851,0.992687386,0.011650485,0.437931034,0.055172414,0.0,0.577075099,0.0,0.018281536,1910.0,31000.0,0.482213439,8.783783783783784
360290040032,1081202.19678,1068521.39823,36.76975945017183,40.65099439690704,81.18390162112028,0.332857143,0.0,12681,0.369606004,0.261428571,0.201428571,0.639344262,0.090909091,0.875714286,0.106481481,0.374193548,0.083870968,0.0,0.475409836,0.106557377,0.014285714,1920.0,46000.0,0.409836066,12.027491408934708
360290002002,1082899.54649,1038932.07388,28.08219178082192,35.04335890619251,142.99606156271764,0.27184466,0.108823529,22876,0.019157088,0.208737864,0.03236246,0.301948052,0.5,0.419093851,0.088815789,0.320754717,0.0,0.029649596,0.314935065,0.0,0.0,1910.0,77000.0,0.324675325,11.986301369863012
360290007005,1087246.06773,1035056.55976,29.959514170040485,26.52756832346396,154.1109641940978,0.031887755,0.0,47948,0.015280136,0.230867347,0.169642857,0.174698795,0.135338346,0.035714286,0.0,0.68907563,0.0,0.0,0.88253012,0.0,0.011479592,1930.0,146000.0,0.090361446,4.048582995951417
360290046011,1081514.66081,1077472.79359,31.6,37.92349762509339,80.53714740492886,0.278145695,0.01179941,31078,0.130750605,0.188741722,0.07781457,0.1886121,0.191489362,0.387417219,0.014900662,0.628205128,0.0,0.0,0.644128114,0.0,0.0,1930.0,126000.0,0.359430605,6.4
360290041003,1087027.40527,1066007.7851,39.01345291479821,49.01820100689598,88.54676442007792,0.247191011,0.07480315,26736,0.121621622,0.200374532,0.191011236,0.351694915,1.0,0.861423221,0.0,0.379310345,0.117241379,0.0,0.474576271,0.0,0.009363296,1928.0,60000.0,0.411016949,16.143497757847534
360290070002,1063495.203,1057038.27313,44.31137724550898,35.56923498637571,91.41730252348972,0.614035088,0.0,18036,0.280412371,0.100103199,0.367389061,0.174940898,0.930379747,0.702786378,0.183486239,0.106145251,0.387337058,0.0,0.193853428,0.0,0.0,1900.0,105000.0,0.661938534,8.982035928143713
360290066023,1072173.53804,1061621.84608,49.42528735632184,38.12933179530349,86.20671744219507,0.256373938,0.032258065,47394,0.101769912,0.315436242,0.02147651,0.286956522,1.0,0.377181208,0.0,0.111926606,0.513761468,0.0,0.143478261,0.030434783,0.084563758,1910.0,334000.0,0.539130435,10.344827586206897
360290066021,1070618.80131,1061980.97107,30.269058295964125,52.04854479952643,83.81028075233556,0.011664899,0.023012552,75809,0.0,0.319194062,0.172852598,0.196428571,0.0,0.128313892,0.009389671,0.307560137,0.515463918,0.0,0.69047619,0.0,0.0,1990.0,172428.0,0.069444444,2.0179372197309418
360290017001,1081330.36778,1050047.825,53.00261096605744,47.290623012854375,122.49362331990788,0.401258851,0.240589198,18611,0.149944873,0.098248286,0.233054075,0.441707718,0.281407035,0.375476009,0.067062818,0.371695179,0.129082426,0.0,0.441707718,0.034482759,0.0,1910.0,36000.0,0.341543514,14.099216710182768
360290069011,1066578.0775,1061055.53262,44.89795918367347,60.61064074869879,94.1429,0.250489237,0.0,18393,0.2984375,0.090019569,0.338551859,0.346749226,0.526011561,0.721135029,0.185068349,0.291021672,0.0,0.0,0.362229102,0.086687307,0.000978474,1900.0,121500.0,0.179566563,13.26530612244898
360290054004,1074849.14513,1072292.99307,33.45195729537366,41.08027567694212,91.28302950639772,0.277244987,0.0,72316,0.069736842,0.204010462,0.211857018,0.308910891,0.111888112,0.096774194,0.0,0.42883549,0.131238447,0.140480591,0.655445545,0.0,0.006974717,1920.0,250000.0,0.027722772,5.338078291814947
360290054003,1070087.76555,1070241.90887,34.0080971659919,48.80338451415543,87.55571318148249,0.011286682,0.109540636,62776,0.028614458,0.202031603,0.178329571,0.306306306,0.0,0.266365688,0.0,0.783783784,0.0,0.0,0.915915916,0.0,0.0,1920.0,289000.0,0.03003003,13.360323886639677
360290057003,1063609.69678,1075524.03493,48.01061007957559,49.370436984189865,71.73799377064461,0.057004245,0.076013514,18138,0.162790698,0.047907823,0.405093996,0.187096774,0.634390651,0.707095209,0.005832793,0.646551724,0.0,0.0,0.367741935,0.0,0.002425713,1920.0,63000.0,0.098924731,6.896551724137931
360290002003,1082745.45723,1037538.34784,21.26168224299065,32.35211950486874,142.2366969537409,0.099607843,0.009950249,34223,0.040899796,0.120784314,0.105098039,0.161993769,0.104651163,0.285490196,0.0,0.570815451,0.091559371,0.0,0.520249221,0.0,0.010196078,1925.0,78000.0,0.200934579,5.841121495327103
360290015003,1076754.1537,1051522.84966,36.12565445026178,46.40477173485478,112.8464084283032,0.068877551,0.078512397,37267,0.08852459,0.232142857,0.102040816,0.372972973,1.0,0.829081633,0.015584416,0.722222222,0.0,0.0,0.864864865,0.0,0.0,1910.0,37000.0,0.172972973,10.471204188481677
360290051001,1076543.75911,1077359.20022,32.92517006802721,33.192704775936235,82.3341715053448,0.087373737,0.0,46045,0.012292563,0.134224864,0.086181278,0.198820556,0.207407407,0.197622585,0.033112583,0.48946925,0.01600674,0.0,0.609098568,0.0,0.0,1946.0,140000.0,0.127211457,5.850340136054422
360290015002,1077256.28879,1052891.02561,36.99421965317919,36.11970016247593,112.8813275439588,0.46996997,0.286764706,18598,0.1678487,0.100600601,0.364864865,0.279693487,0.443514644,0.951951952,0.106145251,0.263888889,0.052777778,0.0,0.283524904,0.0,0.0,1910.0,25000.0,0.540229885,10.982658959537572
360290040021,1079522.85899,1067716.83803,46.058091286307054,47.267787587252286,83.60358034281614,0.436090226,0.086614173,20774,0.147448015,0.193984962,0.17443609,0.267857143,0.0,0.956390977,0.272141707,0.453968254,0.0,0.0,0.671428571,0.0,0.0,1920.0,46000.0,0.325,9.54356846473029
360290171005,1067129.35598,1067915.37685,48.27586206896552,51.83200543288281,82.43276643333574,0.396995708,0.110481586,10377,0.333333333,0.073819742,0.298712446,0.257990868,0.27443609,0.818025751,0.009287926,0.442344045,0.251417769,0.0,0.257990868,0.075342466,0.265236052,1900.0,53000.0,0.433789954,8.620689655172415
360290169001,1070893.88106,1063866.86231,48.87218045112782,49.92706844744656,83.72133051375279,0.071284465,0.093160377,85054,0.0,0.133600534,0.287909152,0.176271186,0.0,0.19505678,0.0,0.367816092,0.3727422,0.0,0.647457627,0.0,0.0,1910.0,361500.0,0.110169492,9.774436090225564
360290063013,1067959.37015,1064837.689,43.78109452736319,55.85907566030355,86.4576581387899,0.034172662,0.0,65682,0.052287582,0.25,0.044964029,0.394160584,0.0,0.176258993,0.0,0.289256198,0.0,0.0,0.551094891,0.0,0.0,1900.0,263000.0,0.03649635,7.462686567164178
360290031001,1076879.33339,1057053.06856,46.15384615384615,35.43452461503777,101.1882709791903,0.358251058,0.217241379,20896,0.425287356,0.163610719,0.365303244,0.4765625,0.505791506,0.909732017,0.0,0.284866469,0.0,0.0,0.33984375,0.0,0.0,1910.0,35000.0,0.40625,16.23931623931624
360290042004,1084428.69074,1069472.45777,38.3495145631068,41.18143867128471,81.13084027240193,0.770715096,0.047058824,7710,0.189368771,0.077185017,0.561861521,0.54,1.0,0.989784336,0.02247191,0.856502242,0.0,0.0,0.57,0.0,0.0,1921.0,40000.0,0.46,8.737864077669903
360290014032,1073167.45566,1050529.59358,58.71559633027523,48.95074151002972,112.45666274851992,0.362134689,0.03515625,17574,0.112804878,0.149936468,0.342439644,0.44042838,0.415254237,0.953621347,0.064888248,0.198973042,0.299101412,0.0,0.089692102,0.081659973,0.020330368,1992.5,107000.0,0.560910308,11.926605504587156
360290052012,1078284.19627,1070362.11152,63.020833333333336,46.22874136429283,87.4286,0.023160763,0.075247525,54436,0.0,0.187837838,0.160810811,0.125714286,0.230088496,0.233783784,0.0,0.331775701,0.0,0.0,0.56,0.0,0.0,1912.0,226000.0,0.0,10.9375
360290043004,1089990.82342,1073557.62141,22.61904761904762,37.242738643655606,78.03309154409669,0.051383399,0.0,38637,0.0,0.304347826,0.113306983,0.207756233,1.0,0.363636364,0.0,0.933518006,0.0,0.0,0.745152355,0.0,0.0,1942.0,170500.0,0.08033241,5.158730158730158
360290050003,1070278.52743,1076411.24251,38.27586206896552,35.09102680172084,81.12363957079017,0.159165752,0.018518519,30436,0.055469954,0.04451683,0.212812161,0.117768595,0.73006135,0.513572204,0.0,0.466535433,0.0,0.0,0.41322314,0.0,0.0,1930.0,125000.0,0.185950413,13.448275862068964
360290056002,1066923.8895,1076291.12164,26.31578947368421,40.753808944332064,75.64162116773562,0.088669951,0.095419847,27145,0.154661017,0.285714286,0.177339901,0.476190476,0.0,0.500821018,0.018062397,0.366300366,0.0,0.0,0.798534799,0.0,0.0,1961.0,96000.0,0.04029304,4.276315789473684
360290068011,1070723.39948,1055906.10007,53.84615384615385,72.71774528735945,100.65490372563993,0.061148397,0.047713718,52561,0.004127967,0.029082774,0.168530947,0.081743869,0.053097345,0.382550336,0.006369427,0.045560748,0.433411215,0.0,0.222070845,0.0,0.020134228,1900.0,282000.0,0.113079019,8.173076923076923
360290008002,1084431.86146,1038843.43733,35.16260162601626,31.64568335151308,147.90402750611312,0.17496112,0.161556604,40029,0.033745782,0.099845201,0.205108359,0.2864494,0.401015228,0.116099071,0.0,0.3354531,0.0,0.0,0.677530017,0.0,0.0,1920.0,107000.0,0.10806175,7.926829268292683
360290007002,1089083.85812,1033866.63567,27.692307692307693,24.22002445551437,157.464,0.0,0.027322404,36523,0.0,0.158075601,0.265750286,0.124183007,0.125925926,0.111111111,0.0,0.843137255,0.0,0.0,0.928104575,0.0,0.0,1928.0,140000.0,0.019607843,3.076923076923077
360290056005,1068095.36286,1074837.09204,36.30952380952381,34.32068543451653,80.54410553467856,0.20609319,0.034946237,30589,0.137019231,0.14516129,0.23297491,0.164556962,1.0,0.311827957,0.0,0.111111111,0.0,0.0,0.253164557,0.0,0.0,1924.0,85000.0,0.186708861,5.952380952380952
360290049011,1074682.47385,1073564.32693,36.21621621621622,33.34854417155036,90.57234707246737,0.19047619,0.0,44587,0.180194805,0.317006803,0.027210884,0.3401222,1.0,0.20952381,0.0,0.137380192,0.02715655,0.0,0.482688391,0.0,0.008163265,1920.0,210000.0,0.226069246,11.351351351351353
360290019001,1086850.89676,1045155.28546,46.88172043010753,44.10842480278292,138.11237973748328,0.12289916,0.0,33697,0.16875,0.205882353,0.089285714,0.282692308,0.0,0.215336134,0.0,0.510606061,0.0,0.0,0.528846154,0.0,0.0,1910.0,70000.0,0.115384615,16.129032258064516
360290048001,1076319.22559,1074052.75942,33.80281690140845,37.06012401601814,88.39020488199051,0.086206897,0.015988372,53398,0.068891281,0.17876588,0.112522686,0.108829569,0.177419355,0.117967332,0.0,0.388888889,0.034482759,0.0,0.638603696,0.0,0.003629764,1920.0,228000.0,0.028747433,5.868544600938967
360290045001,1080481.33231,1075877.19493,33.5423197492163,41.01946658944147,80.89023575131354,0.031982942,0.085139319,42130,0.214814815,0.173773987,0.070362473,0.257019438,0.166666667,0.219616205,0.0,0.440604752,0.0,0.0,0.494600432,0.0,0.046908316,1951.0,147000.0,0.0,6.583072100313479
360290069014,1065357.89022,1059739.02829,49.375,39.47376295084127,87.9844818517408,0.492592593,0.0,75020,0.462121212,0.22962963,0.238888889,0.652173913,0.15503876,0.583333333,0.150627615,0.232198142,0.244582043,0.0,0.294314381,0.0,0.0,1890.0,106500.0,0.56187291,7.5
360290069042,1066246.05347,1058575.95766,43.51145038167939,49.26510676586655,85.87794426148395,0.357522124,0.097402597,25964,0.328981723,0.099115044,0.254867257,0.249056604,0.819444444,0.810619469,0.219469027,0.148484848,0.290909091,0.0,0.241509434,0.0,0.024778761,1900.0,133000.0,0.260377358,4.580152671755725
360290033014,1076463.81411,1063178.89056,33.19502074688796,50.12314209896866,97.19392505673471,0.094373866,0.080838323,31093,0.230769231,0.359346642,0.130671506,0.25566343,0.0,0.914700544,0.0,0.783098592,0.022535211,0.0,0.686084142,0.0,0.0,1920.0,58000.0,0.200647249,13.278008298755188
360290168012,1072928.93331,1059948.71842,50.175438596491226,50.26613264638304,93.49659919182962,0.252252252,0.095717884,19104,0.112299465,0.160875161,0.154440154,0.303398058,0.1,0.888030888,0.117728532,0.321428571,0.197368421,0.0,0.45631068,0.0,0.068211068,1900.0,63000.0,0.400485437,15.087719298245611
360290053002,1074264.29324,1067745.04732,88.88888888888889,45.47217711203416,90.08469260688784,0.473684211,0.112195122,11708,0.142307692,0.078612717,0.005780347,0.349206349,0.0,0.485549133,0.0,0.091346154,0.783653846,0.0,0.211640212,0.0,0.739884393,1920.0,253500.0,0.64021164,28.88888888888889
360290037003,1087405.51353,1064245.39085,53.62903225806451,46.20989859949039,100.25,0.450738916,0.116402116,17241,0.180851064,0.133004926,0.285714286,0.570588235,0.181034483,0.963054187,0.0,0.423809524,0.0,0.0,0.317647059,0.0,0.0,1923.0,39000.0,0.094117647,23.387096774193548
360290034005,1080847.81248,1063490.91496,36.58536585365854,45.372763512032165,91.79976537196558,0.262187088,0.324675325,17957,0.047882136,0.177545692,0.251958225,0.683046683,1.0,0.754569191,0.0,0.39039666,0.123173278,0.0,0.312039312,0.0,0.009138381,1900.0,36000.0,0.459459459,18.29268292682927
360290036003,1085291.59131,1061084.10981,40.0,44.91439257599392,97.31951202985864,0.07771261,0.08677686,15292,0.229398664,0.183284457,0.278592375,0.452261307,0.110526316,0.976539589,0.214506173,0.506329114,0.046413502,0.0,0.412060302,0.115577889,0.0,1920.0,30000.0,0.381909548,8.571428571428571
360290005002,1073277.88492,1044607.90336,39.36507936507937,75.31048186785891,123.561584447296,0.463448276,0.060240964,25611,0.160849772,0.191724138,0.060689655,0.487571702,0.842105263,0.042758621,0.008344924,0.287215412,0.189141856,0.0,0.281070746,0.0,0.0,1900.0,40000.0,0.479923518,5.079365079365079
360290063012,1069048.1461,1064874.02353,51.87165775401069,57.13765913655939,90.6786,0.065491184,0.034220532,49491,0.039246468,0.137376238,0.131188119,0.168674699,0.346153846,0.15470297,0.0,0.163170163,0.263403263,0.0,0.306024096,0.0,0.0,1900.0,321000.0,0.026506024,6.951871657754011
360290052013,1077970.04448,1067989.29486,52.17391304347826,50.46600312168679,85.07151246253706,0.07615894,0.0,33275,0.056603774,0.097701149,0.221264368,0.303249097,0.142857143,0.58045977,0.004643963,0.137254902,0.111111111,0.0,0.162454874,0.198555957,0.165229885,1910.0,238000.0,0.144404332,13.043478260869565
360290011002,1085265.61738,1041991.47481,39.69465648854962,40.19469339034556,142.26921053736476,0.091580502,0.029761905,32484,0.082191781,0.270310192,0.149187592,0.142394822,0.891089109,0.023633678,0.0,0.660377358,0.0,0.0,0.84789644,0.0,0.0,1928.0,95000.0,0.132686084,8.396946564885496
360290067024,1070175.0196,1058045.4019,44.89795918367347,61.5935740523299,91.1008253758618,0.112866817,0.0,30386,0.112866817,0.216704289,0.0,0.139037433,0.0,0.571106095,0.0,0.048262548,0.708494208,0.0,0.0,0.018716578,0.0,1929.0,356000.0,0.42513369,14.285714285714285
360290024005,1084650.49223,1054386.73363,56.41025641025641,55.35990588763333,117.21913437927208,0.295536791,0.077151335,18329,0.514680484,0.06377858,0.202166065,0.378516624,0.0,0.600481348,0.057104914,0.115384615,0.0,0.0,0.57544757,0.0,0.004813478,1910.0,22000.0,0.345268542,11.858974358974358
360290068022,1068683.61441,1056091.70135,80.0,54.19135194519571,96.85569422256478,0.076171875,0.066312997,49870,0.0,0.177734375,0.103515625,0.127388535,1.0,0.248046875,0.0,0.217277487,0.112565445,0.0,0.576433121,0.0,0.0,1900.0,214000.0,0.143312102,13.448275862068964
360290065013,1067621.98951,1063273.07416,52.13270142180095,52.89099976743647,85.01859605116255,0.052730697,0.141221374,40736,0.01216545,0.248587571,0.141242938,0.176282051,0.08,0.024482109,0.0,0.267647059,0.008823529,0.0,0.532051282,0.0,0.0,1900.0,183000.0,0.105769231,6.6350710900473935
360290061003,1065489.41615,1062039.23151,56.54450261780105,59.2383375922109,89.7275164387975,0.601147776,0.020325203,12966,0.494871795,0.071736011,0.304160689,0.395604396,0.0,0.7517934,0.220930233,0.438202247,0.0,0.0,0.357142857,0.258241758,0.035868006,1900.0,111000.0,0.230769231,9.424083769633508
360290023002,1088710.4167,1052058.32405,45.867768595041326,49.28567429566827,131.714,0.417490494,0.204771372,17789,0.128712871,0.137642586,0.35513308,0.446300716,0.406896552,0.36730038,0.024428684,0.391498881,0.0,0.06935123,0.53699284,0.064439141,0.002281369,1910.0,59000.0,0.205250597,10.330578512396697
360290165001,1070354.85885,1050081.41483,33.94495412844037,48.93241723851296,109.85937664302097,0.171919771,0.037593985,46427,0.087215064,0.025787966,0.068051576,0.054127199,0.569620253,0.49713467,0.0,0.009308511,0.910904255,0.0,0.01759134,0.01623816,0.25,1955.0,98782.0,0.129905277,3.669724770642202
360290170002,1083101.4508,1066250.9959,42.10526315789473,39.90286786835246,85.71464471038787,0.275635767,0.3012939,21589,0.185221675,0.289581624,0.127973749,0.436532508,1.0,0.99097621,0.0,0.636588381,0.0,0.0,0.76625387,0.0,0.013945857,1920.0,43000.0,0.236842105,12.550607287449392
360290058023,1062726.40689,1077095.05036,40.562248995983936,46.8134962442434,70.45858633746009,0.258928571,0.0,17821,0.380664653,0.089285714,0.367857143,0.19047619,0.247572816,0.8625,0.100642398,0.428571429,0.0,0.0,0.481481481,0.0,0.0,1922.0,74000.0,0.158730159,4.417670682730924
360290014031,1075072.70029,1049782.20117,85.24590163934425,45.79936490926433,116.4571667269538,0.309222423,0.105263158,33146,0.212981744,0.314647378,0.032549729,0.545012165,1.0,1.0,0.0,0.315668203,0.516129032,0.0,0.326034063,0.02919708,0.0,1993.0,129000.0,0.520681265,44.26229508196721
360290036001,1086045.94732,1063337.57661,52.19123505976096,42.02975726539138,97.14161112721166,0.558095238,0.0,15493,0.212707182,0.068571429,0.217142857,0.320143885,0.859649123,1.0,0.081904762,0.627345845,0.0,0.050938338,0.586330935,0.0,0.0,1917.0,33000.0,0.111510791,14.342629482071716
360290171002,1066035.0181,1066474.9945,60.69868995633188,53.1777758635933,79.7733794687837,0.464958553,0.05399568,14444,0.166416792,0.070836473,0.407686511,0.202672606,0.276169265,0.59080633,0.065587045,0.210420842,0.0,0.0,0.251670379,0.0,0.0,1900.0,84500.0,0.236080178,13.537117903930133
360290014041,1075322.99523,1050770.19472,61.53846153846154,53.43471163353193,114.1134850945826,0.73006135,0.626760563,7857,0.463687151,0.193251534,0.242331288,0.438679245,1.0,1.0,0.05204461,0.097421203,0.444126074,0.0,0.08490566,0.0,0.0,1993.0,119000.0,0.740566038,15.384615384615383
360290058011,1064075.79766,1079049.11391,31.80952380952381,34.217303194679715,71.29381522715097,0.270058708,0.005319149,27018,0.13093415,0.136986301,0.270058708,0.447108604,0.642004773,0.384540117,0.065565307,0.582984658,0.0,0.011157601,0.782792666,0.08180536,0.0,1925.0,77000.0,0.104372355,6.285714285714287
360290028011,1084033.88503,1055859.24402,50.0,57.64768829912707,113.97662426410083,0.665250637,0.190104167,11555,0.266666667,0.007588533,0.480607083,0.31147541,0.357798165,0.930016863,0.125905797,0.386308068,0.0,0.0,0.285245902,0.091803279,0.0,1910.0,22000.0,0.521311475,12.280701754385964
360290010005,1088684.52911,1041366.7343,29.895366218236173,38.600313952058414,149.7562520469788,0.085277247,0.018453427,33070,0.019918284,0.315609571,0.194075199,0.331162791,0.0,0.078237752,0.0,0.604651163,0.0,0.0,0.658604651,0.049302326,0.0,1920.0,71000.0,0.039069767,7.025411061285501
360290001101,1082646.13035,1033332.95192,26.51162790697674,30.28985362205003,150.88761242733963,0.147147147,0.025062657,24233,0.113924051,0.225373134,0.125373134,0.496621622,0.1625,0.343283582,0.0,0.503125,0.0,0.0,0.804054054,0.0,0.007462687,1926.0,84000.0,0.0,10.69767441860465
360290061005,1064989.09404,1063364.30476,49.76076555023924,62.1955211936641,87.52370434021894,0.2268431,0.02484472,20522,0.299829642,0.073724008,0.351606805,0.128205128,0.568627451,0.54536862,0.026041667,0.596774194,0.05483871,0.0,0.597069597,0.0,0.031190926,1900.0,103000.0,0.252747253,4.784688995215311
360290043001,1088674.68469,1074031.39387,37.41721854304636,27.17900058676468,78.12619634964173,0.299657534,0.0,16933,0.066298343,0.155821918,0.272260274,0.041152263,0.264150943,0.511986301,0.0,0.384057971,0.0,0.0,0.300411523,0.0,0.011986301,1928.0,68000.0,0.267489712,6.95364238410596
360290029001,1086697.71774,1059386.46025,44.57831325301205,50.13723420340676,109.05939269046934,0.542016807,0.180952381,9447,0.137767221,0.176066025,0.301237964,0.666666667,0.0,0.878954608,0.00798722,0.47080292,0.0,0.0,0.611872146,0.0,0.119669876,1910.0,33000.0,0.465753425,12.048192771084338
360290029002,1085725.99442,1059312.17754,55.9748427672956,45.59142776010246,108.00842213608163,0.793548387,0.049586777,8503,0.40569395,0.1617357,0.42209073,0.293193717,0.261627907,0.950690335,0.144086022,0.772727273,0.0,0.0,0.670157068,0.0,0.0,1910.0,32000.0,0.303664921,11.320754716981131
360290047023,1083037.31638,1074847.42141,50.27322404371585,42.77542498533851,79.01105569516535,0.471319312,0.014412417,16048,0.071969697,0.128051589,0.113772455,0.178835979,1.0,0.691847075,0.0,0.432958035,0.09825998,0.0,0.226455026,0.0,0.008751727,1920.0,99000.0,0.231746032,7.103825136612022
360290040022,1079365.39606,1070775.13808,50.81967213114754,47.35766594561178,80.55749578714322,0.200612557,0.109414758,27371,0.057934509,0.050535988,0.300153139,0.222222222,0.31122449,0.477794793,0.0,0.249201278,0.159744409,0.0,0.513888889,0.072916667,0.009188361,1915.0,152000.0,0.322916667,7.650273224043716
360290010004,1086613.13256,1040774.62029,38.69565217391304,35.873144436083216,151.14395157691368,0.486966825,0.194174757,17322,0.0,0.1492891,0.252369668,0.142857143,0.408163265,0.340047393,0.0,0.213414634,0.0,0.0,0.283410138,0.108294931,0.0,1920.0,79000.0,0.290322581,9.565217391304348
360290007004,1087499.03096,1033109.01342,13.2404181184669,26.64035732536145,154.24750830469765,0.058095238,0.0,41508,0.037037037,0.326939843,0.063644289,0.170689655,0.523076923,0.034001744,0.003626473,0.469767442,0.013953488,0.0,0.496551724,0.0,0.084568439,1949.0,135000.0,0.179310345,3.8327526132404177
360290063021,1070898.6524,1067527.0805,43.63636363636363,52.96983294041606,89.76666807024814,0.083945435,0.027826087,63309,0.006006006,0.157397692,0.220356768,0.187347932,0.0,0.053515215,0.0,0.50921659,0.0,0.0,0.542579075,0.0,0.010493179,1910.0,397000.0,0.04136253,6.545454545454546
360290169002,1070695.87817,1062962.22058,28.10457516339869,52.28798873014197,84.00775486893653,0.04451683,0.019267823,69192,0.00129199,0.289839572,0.114438503,0.161354582,0.376344086,0.201069519,0.0,0.335216573,0.231638418,0.0,0.59561753,0.0,0.004278075,1973.0,198000.0,0.099601594,3.2679738562091507
360290033013,1077432.87822,1062514.70195,52.67857142857143,45.95630209314439,96.93010450004178,0.220760234,0.0,27356,0.144259078,0.070422535,0.216901408,0.222222222,0.553191489,0.966901408,0.0,0.14600551,0.0,0.0,0.310502283,0.0,0.0,1919.0,52000.0,0.354642314,9.523809523809524
360290044012,1087385.23052,1069670.33619,41.96185286103542,56.223136435581445,89.24640827033495,0.240618102,0.192307692,21400,0.273781903,0.114790287,0.376379691,0.344387755,0.960912052,0.954746137,0.0,0.891566265,0.0,0.0,0.556122449,0.0,0.0,1925.0,44000.0,0.079081633,13.62397820163488
360290067013,1068941.01948,1058057.52163,22.89156626506024,55.22876035217287,89.1071,0.075213675,0.100456621,41030,0.0,0.237606838,0.0,0.142322097,0.0,0.162393162,0.0,0.0,0.637640449,0.0,0.08988764,0.074906367,0.0,1950.0,81000.0,0.479400749,7.228915662650602
360290023001,1089787.92033,1052070.43441,48.65900383141762,44.92437467496077,132.0435822746407,0.209055877,0.085365854,26562,0.297752809,0.132947977,0.278420039,0.460957179,0.606498195,0.387283237,0.051102204,0.433566434,0.020979021,0.0,0.486146096,0.035264484,0.0,1910.0,62000.0,0.166246851,10.727969348659004
360290059005,1062260.09727,1070010.40961,55.00000000000001,43.19731497703911,74.81392544104702,0.529668412,0.090909091,55356,0.194690265,0.177137871,0.157068063,0.512269939,1.0,0.70069808,0.026809651,0.1875,0.570833333,0.0,0.136503067,0.087423313,0.006108202,1900.0,67500.0,0.549079755,10.625
360290168022,1074626.87764,1061333.82285,38.21428571428571,42.30180437899031,96.31373423671646,0.262449529,0.035608309,30791,0.080733945,0.160206718,0.210594315,0.435215947,0.702898551,0.897932817,0.0,0.539503386,0.015801354,0.0,0.471760797,0.03654485,0.07622739,1900.0,48000.0,0.189368771,10.0
360290035021,1079838.23441,1061175.95888,46.66666666666666,45.182152303147056,95.5687380860651,0.299007444,0.15443038,17423,0.12593985,0.146401985,0.253101737,0.357923497,0.493421053,1.0,0.010498688,0.120805369,0.163310962,0.0,0.31147541,0.0,0.0,1910.0,33000.0,0.428961749,7.777777777777778
360290058012,1063046.52087,1079659.94965,39.04382470119522,36.73809523809524,70.80679599890374,0.230499562,0.047091413,22140,0.191435768,0.126205083,0.231375986,0.365630713,0.367768595,0.56266433,0.056657224,0.121359223,0.19579288,0.0,0.407678245,0.016453382,0.000876424,1927.0,77000.0,0.405850091,3.5856573705179287
360290016011,1083002.39387,1052712.41138,61.29032258064516,50.15730982485356,120.39686205339744,0.417674908,0.129925453,14833,0.260536398,0.097317201,0.239347712,0.538221529,0.70989011,0.792740663,0.186459489,0.300995025,0.299751244,0.0,0.391575663,0.059282371,0.0,1910.0,20000.0,0.433697348,10.850439882697946
360290008004,1087441.51435,1036181.77369,36.09756097560975,31.835111761093344,155.10797658889155,0.066549912,0.0,51605,0.03286385,0.129597198,0.210157618,0.032258065,0.0,0.04028021,0.0,0.5,0.048387097,0.0,0.758064516,0.0,0.0,1925.0,146000.0,0.0,8.292682926829269
360290038001,1089585.85698,1064325.49311,30.8411214953271,43.17056947058885,100.8424971368498,0.536420102,0.105968331,17143,0.114837398,0.068012752,0.306057386,0.421974522,1.0,0.858129649,0.029034059,0.576704545,0.0,0.0,0.323248408,0.049363057,0.005844846,1924.0,44000.0,0.25955414,16.822429906542055
360290029004,1083328.15037,1058785.88329,55.793991416309005,45.76929591014098,106.66832817096493,0.332920792,0.058035714,25772,0.036259542,0.089108911,0.254950495,0.22962963,0.568306011,0.972772277,0.012594458,0.363636364,0.0,0.025974026,0.217283951,0.0,0.0,1918.0,30000.0,0.138271605,9.012875536480689
360290024003,1086986.90605,1054341.79952,57.65765765765766,51.28874222691489,121.6311991181704,0.34109817,0.061696658,21443,0.296127563,0.098169717,0.231281198,0.28959276,1.0,0.116472546,0.0,0.359477124,0.0,0.062091503,0.733031674,0.0,0.0,1915.0,58000.0,0.226244344,9.00900900900901
360290071041,1067575.51917,1055674.46227,35.714285714285715,47.846311108728,98.12431567527766,0.726315789,0.0,15133,0.040358744,0.0,0.413157895,0.25,0.318471338,0.405263158,0.091922006,0.519125683,0.0,0.0,0.178571429,0.0,0.0,1900.0,158000.0,0.335714286,12.5
360290057002,1062605.22211,1073995.66379,38.49206349206349,49.53187348244683,71.6344464003879,0.432938856,0.0,12744,0.478688525,0.024654832,0.194280079,0.295890411,0.792592593,0.695266272,0.074594595,0.26342711,0.0,0.0,0.290410959,0.0,0.0,1917.0,68000.0,0.197260274,5.555555555555555
360290042003,1085971.36958,1068003.07738,36.21399176954733,41.12471850705861,82.72535094139198,0.481624758,0.191780822,14636,0.0,0.119922631,0.352030948,0.468965517,0.657657658,1.0,0.0,0.594771242,0.0,0.0,0.248275862,0.0,0.0,1925.0,48000.0,0.562068966,8.641975308641975
360290063015,1067747.97194,1066582.71842,61.92893401015228,54.79530018062804,83.06435124170461,0.120805369,0.0,71803,0.0,0.120805369,0.070469799,0.17218543,1.0,0.197986577,0.067114094,0.132450331,0.264900662,0.0,0.377483444,0.0,0.0,1900.0,164000.0,0.264900662,13.705583756345176
360290046012,1081810.89547,1076643.62319,29.67479674796748,38.63329850226402,80.14613429029875,0.333776596,0.0,28018,0.032597266,0.049039099,0.089463221,0.168443497,0.930693069,0.423459245,0.0,0.512048193,0.0,0.0,0.23880597,0.0,0.003313453,1925.0,113500.0,0.217484009,7.723577235772358
360290025021,1072525.55014,1054932.66555,48.51485148514851,39.37949153910709,103.219257222738,0.554497354,0.143979058,23959,0.281869688,0.250790306,0.144362487,0.474683544,0.649635036,0.849315068,0.0,0.02056962,0.488924051,0.0,0.091772152,0.0,0.023182297,1910.0,68500.0,0.555379747,9.9009900990099
360290027042,1081904.78366,1056110.30659,54.63917525773196,53.83944481703076,110.30939195947718,0.147887324,0.116972477,19773,0.394383394,0.230633803,0.272887324,0.798342541,0.0,0.493838028,0.316231343,0.501362398,0.0,0.0,0.635359116,0.0,0.0,1900.0,21000.0,0.016574586,14.432989690721648
360290049023,1072874.25176,1074245.66999,44.94047619047619,33.403848842266285,88.38231046021036,0.128834356,0.0,49169,0.057842047,0.189161554,0.0,0.265734266,0.0,0.154396728,0.034764826,0.138486312,0.128824477,0.0,0.377622378,0.0,0.003067485,1920.0,188000.0,0.031468531,8.928571428571429
360290066022,1070540.04963,1061223.4785,49.6,41.21109913452724,83.9205261627434,0.066546763,0.051587302,45205,0.065705128,0.222222222,0.041847042,0.029032258,0.448275862,0.141414141,0.0,0.232258065,0.174193548,0.0,0.209677419,0.012903226,0.197691198,1900.0,363500.0,0.116129032,11.2
360290034001,1083434.19015,1063461.84086,40.83969465648856,38.496635381837926,90.3306145083324,0.663636364,0.194805195,18258,0.299107143,0.148484848,0.012121212,0.674157303,0.0,1.0,0.0,0.303418803,0.0,0.0,0.443820225,0.0,0.0,1920.0,32000.0,0.775280899,10.30534351145038
360290051002,1072902.98991,1076950.24661,20.0,37.12784046149698,81.5116522792158,0.553014553,0.057416268,21623,0.121597096,0.108108108,0.303534304,0.287804878,0.279850746,0.681912682,0.0,0.215885947,0.285132383,0.0,0.2,0.0,0.0,1927.0,140000.0,0.358536585,9.230769230769232
360290042001,1085922.95486,1070767.73053,36.693548387096776,32.95963161942775,85.4695581125438,0.250340136,0.023489933,28347,0.174664107,0.219047619,0.246258503,0.254681648,0.407692308,1.0,0.066255778,0.501305483,0.0,0.0,0.460674157,0.041198502,0.0,1920.0,46000.0,0.314606742,6.854838709677419
360290164005,1074297.08363,1046717.02163,40.625,55.64062467202619,120.70498970974324,0.402439024,0.0,14484,0.390243902,0.219512195,0.0,0.352941176,0.0,0.402439024,0.0,0.067924528,0.396226415,0.0,0.568627451,0.0,0.0,1900.0,43000.0,0.431372549,7.8125
360290068023,1069891.88043,1056477.77072,66.96428571428571,83.69836635261065,97.32655246102205,0.177598385,0.0,72405,0.07117853,0.047426842,0.100908174,0.109589041,0.0,0.14530777,0.0,0.173690932,0.237547893,0.0,0.260273973,0.018835616,0.0,1893.5,274500.0,0.188356164,12.946428571428571
360290042005,1084746.70804,1070434.27018,42.72997032640949,36.87576189927426,78.9286,0.360561056,0.225512528,16556,0.137829912,0.073432343,0.339933993,0.498714653,0.912621359,0.992574257,0.029676259,0.740088106,0.028634361,0.0,0.411311054,0.0,0.0,1920.0,46000.0,0.205655527,16.320474777448073
360290063014,1067443.52322,1065423.19452,56.8733153638814,56.121567164859954,83.01493646525331,0.19414744,0.086486486,36403,0.070871722,0.064737616,0.245218244,0.168057211,0.34375,0.276115743,0.0,0.288442211,0.015075377,0.0,0.327771156,0.019070322,0.004413928,1900.0,180000.0,0.226460072,7.547169811320755
360290047022,1083509.20664,1072944.73494,47.66081871345029,39.98328442326975,78.56906156240352,0.318905156,0.063865546,24480,0.0,0.091024825,0.164863144,0.149390244,0.857142857,0.953532782,0.0,0.31875,0.305,0.0,0.257621951,0.0,0.0,1925.0,70000.0,0.446646341,13.742690058479532
360290170003,1080934.65611,1065883.94748,57.44680851063831,41.45621313191023,87.50535180166499,0.361403509,0.427710843,17408,0.0,0.322807018,0.094736842,0.564102564,1.0,1.0,0.0,0.516853933,0.0,0.0,0.455128205,0.0,0.0,1920.0,43000.0,0.724358974,19.8581560283688
360290169003,1072879.65146,1063419.83124,46.60633484162896,43.296346259507615,91.92462140456732,0.301549464,0.117647059,34549,0.113752122,0.250572082,0.187643021,0.433168317,0.8,0.411899314,0.0,0.177184466,0.514563107,0.0,0.225247525,0.01980198,0.040045767,1904.5,217500.0,0.235148515,9.049773755656108
360290024004,1089760.23618,1054814.47398,33.04843304843305,42.201776619880064,123.08941534068894,0.114624506,0.236619718,21078,0.09978308,0.197628458,0.335968379,0.285714286,0.0,0.507246377,0.014005602,0.569682152,0.0,0.0,0.649068323,0.0,0.0,1920.0,55000.0,0.263975155,7.4074074074074066
360290164001,1072048.39696,1046509.53802,109.09090909090908,36.0930176276657,118.36252621200909,0.44500846,0.0,30664,0.418287938,0.221658206,0.037225042,0.440715884,1.0,0.741116751,0.181049069,0.018214936,0.912568306,0.0,0.022371365,0.0,0.0,1900.0,47000.0,0.704697987,27.27272727272727
360290051004,1072530.63681,1075400.09221,33.730158730158735,39.28325429087624,84.27944170480903,0.491628615,0.079002079,28248,0.130584192,0.086494689,0.314871017,0.3974122,0.85971223,0.541729894,0.011111111,0.269421488,0.0,0.0,0.249537893,0.0,0.008345979,1922.0,181000.0,0.219963031,6.349206349206349
360290055003,1065027.11834,1070313.19849,37.16216216216216,50.04771292958904,77.05871764648252,0.488262911,0.064171123,16944,0.055900621,0.067605634,0.351173709,0.379781421,0.248663102,0.582159624,0.091365462,0.326446281,0.0,0.0,0.218579235,0.06284153,0.020657277,1900.0,56000.0,0.229508197,14.864864864864863
360290055001,1067802.44594,1072290.27995,60.0,50.50418720142107,81.4736567085225,0.227984344,0.116104869,21146,0.326953748,0.089041096,0.286692759,0.224770642,0.646616541,0.35518591,0.075132275,0.183070866,0.090551181,0.0,0.188073394,0.084862385,0.0,1900.0,77000.0,0.371559633,14.782608695652174
360290037002,1088458.81435,1061331.5107,52.38095238095239,46.67416164383173,96.6230067303824,0.340839304,0.063451777,20426,0.22875817,0.042988741,0.331627431,0.531976744,1.0,0.830092119,0.0,0.483173077,0.0,0.0,0.25,0.0,0.006141249,1920.0,41000.0,0.569767442,16.791979949874687
360290056003,1067379.49483,1073796.57694,42.32558139534884,46.72950334274629,79.02419420947086,0.431305537,0.023364486,13781,0.152690864,0.059466849,0.358851675,0.523049645,0.925925926,0.809979494,0.043062201,0.18336163,0.400679117,0.0,0.124113475,0.0,0.021189337,1920.0,84000.0,0.132978723,17.209302325581397
360290044021,1089313.52172,1068105.88901,175.0,42.19012443217154,88.85470250349651,0.669451697,0.223931624,8767,0.214527027,0.041775457,0.363446475,0.588495575,0.730829421,0.93002611,0.006097561,0.172273191,0.055045872,0.0,0.021017699,0.0,0.029765013,1950.5,67000.0,0.547566372,50.0
360290037001,1088445.90872,1063590.48818,46.19718309859155,44.71629518680769,100.45490461969582,0.211948791,0.028571429,22564,0.191919192,0.109219858,0.338297872,0.201267829,0.861904762,0.987943262,0.036021926,0.46514936,0.042674253,0.0,0.374009509,0.0,0.00212766,1925.0,39000.0,0.350237718,19.154929577464788
360290069043,1066663.2286,1057598.30481,68.37606837606837,47.74126813706226,85.7143,0.346733668,0.084337349,20377,0.412162162,0.113461538,0.208653846,0.425581395,0.47133758,0.539423077,0.108653846,0.049450549,0.395604396,0.0,0.288372093,0.051162791,0.176923077,1900.0,193000.0,0.393023256,18.803418803418804
360290033023,1077067.26526,1061588.22167,58.21917808219178,41.701650323487776,97.4425565179415,0.073834197,0.149350649,22806,0.109589041,0.159326425,0.243523316,0.489270386,0.520231214,0.983160622,0.0,0.27680798,0.054862843,0.0,0.69527897,0.042918455,0.0,1910.0,40000.0,0.08583691,6.849315068493151
360290053001,1075736.06753,1069633.34067,39.42857142857143,49.54745928166117,89.0818547092232,0.078145695,0.025817556,57743,0.0,0.085750315,0.151324086,0.261146497,0.313043478,0.292559899,0.024064171,0.461783439,0.0,0.0,0.461783439,0.0,0.041614124,1910.0,243000.0,0.031847134,11.428571428571429
360290027041,1081679.95029,1057372.40081,48.59154929577465,55.258133280501696,105.54249687105678,0.821917808,0.351648352,4604,0.167539267,0.071232877,0.706849315,0.162601626,0.866,0.794520548,0.155597723,0.43537415,0.0,0.095238095,0.512195122,0.113821138,0.0,1900.0,25000.0,0.073170732,12.676056338028168
360290036002,1084130.82039,1061007.70443,32.467532467532465,44.86612607153398,97.25,0.602941176,0.0,21126,0.147058824,0.173529412,0.267647059,0.340659341,1.0,1.0,0.0,0.341584158,0.103960396,0.0,0.741758242,0.115384615,0.0,1920.0,29500.0,0.296703297,7.142857142857142
360290046013,1082759.2419,1075956.58733,50.75757575757576,37.20276925511661,79.31945766293623,0.529980658,0.0,19392,0.0,0.032882012,0.099613153,0.197368421,0.831578947,0.502901354,0.0,0.318181818,0.0,0.0,0.252631579,0.0,0.0,1920.0,102500.0,0.218421053,7.954545454545454
360290061004,1065698.57129,1063686.32959,92.5233644859813,58.63550656736669,85.48897381326559,0.785507246,0.002597403,15642,0.474418605,0.041545894,0.503381643,0.429708223,0.685220729,0.663768116,0.14941302,0.429928741,0.023752969,0.0,0.283819629,0.074270557,0.0,1900.0,111000.0,0.188328912,15.42056074766355
360290048002,1077760.29075,1073654.30126,33.94736842105263,40.47461637542943,93.24260628843912,0.172982885,0.009776536,43497,0.060878244,0.144865526,0.303789731,0.232771822,0.162977867,0.135696822,0.0,0.53323486,0.206794682,0.0,0.612557427,0.018376723,0.004889976,1920.0,246500.0,0.134762634,6.052631578947368
360290049021,1074738.97375,1076079.57295,33.86363636363636,35.037966672430585,83.5616403041685,0.010943912,0.0,45702,0.045492839,0.090971272,0.154582763,0.056463596,0.5,0.384404925,0.0,0.229985444,0.024745269,0.0,0.487369985,0.0,0.000683995,1922.0,198000.0,0.020802377,6.59090909090909
360290164003,1073371.6735,1048662.15235,25.0,60.55051872711297,115.94168924193892,0.214285714,0.135802469,23643,0.137447405,0.060150376,0.131578947,0.43594306,0.844262295,0.854323308,0.036489152,0.405940594,0.392739274,0.0,0.338078292,0.028469751,0.0,1991.0,129000.0,0.197508897,18.939393939393938
360290068021,1069202.05805,1057133.93174,100.61728395061728,53.03340686070305,90.58675492182458,0.249635036,0.0,40951,0.017175573,0.081751825,0.16350365,0.380630631,0.455357143,0.255474453,0.04400607,0.23553719,0.508264463,0.0,0.220720721,0.0,0.01459854,1890.0,277000.0,0.308558559,20.98765432098765
360290033022,1077909.81347,1059827.70944,39.61538461538461,45.53868803348373,97.95718466234528,0.170977011,0.120743034,21773,0.121082621,0.319011815,0.226638024,0.491349481,0.312796209,0.817400644,0.01416122,0.101895735,0.063981043,0.0,0.259515571,0.0,0.252416756,1900.0,41000.0,0.498269896,14.615384615384617
360290043006,1087417.40113,1071333.75781,27.43362831858407,33.90510295281711,88.91869408121246,0.382746051,0.0,15461,0.098920863,0.17253949,0.278250304,0.185303514,0.310043668,1.0,0.0,0.704188482,0.0,0.0,0.24600639,0.0,0.0,1925.0,45000.0,0.194888179,8.849557522123893
360290069041,1066729.5816,1056937.80794,53.10734463276836,49.98057918507043,89.61106208909729,0.329749104,0.14380531,28166,0.131818182,0.086021505,0.227001195,0.333333333,0.547368421,0.572281959,0.040100251,0.114882507,0.046997389,0.0,0.115942029,0.054347826,0.0,1900.0,215500.0,0.278985507,10.734463276836156
360290065011,1069181.3803,1063297.07196,80.28169014084507,47.79910792551898,89.89807246755734,0.167755991,0.057755776,47262,0.0,0.065359477,0.227668845,0.148883375,0.688995215,0.416122004,0.032722513,0.161290323,0.193548387,0.0,0.158808933,0.037220844,0.01416122,1900.0,315500.0,0.074441687,10.7981220657277
360290007001,1088765.00959,1034990.21409,30.15075376884422,32.52825480039858,156.99458401858357,0.010221465,0.050209205,57467,0.017948718,0.260647359,0.31516184,0.125,0.254054054,0.115843271,0.0,0.832116788,0.0,0.0,0.912878788,0.0,0.0,1925.0,154000.0,0.0,8.040201005025125
360290036004,1084527.99396,1063505.80681,34.036144578313255,40.35805405301635,91.35022187778895,0.237042683,0.295825771,19474,0.211937716,0.285823171,0.115091463,0.355513308,0.183673469,0.972560976,0.038871951,0.441860465,0.0,0.0,0.657794677,0.081749049,0.131859756,1925.0,35000.0,0.287072243,8.433734939759036
360290066013,1067373.34995,1061465.89057,85.22727272727273,57.32339436350692,92.81487640296692,0.06122449,0.0,21493,0.190600522,0.083487941,0.278293135,0.121848739,0.0,0.777365492,0.084033613,0.276515152,0.079545455,0.0,0.344537815,0.054621849,0.0,1900.0,148000.0,0.12605042,22.727272727272727
360290019002,1089602.13526,1045301.98015,33.189655172413794,48.22886763604962,143.7950662370405,0.043735225,0.06612411,32449,0.044283414,0.134751773,0.234042553,0.283540802,0.371212121,0.211583924,0.0,0.680359435,0.0,0.0,0.543568465,0.0,0.0,1945.0,101000.0,0.138312586,10.775862068965516
360290058013,1061835.6136,1078041.12925,41.66666666666667,36.838372555441815,70.34752684863743,0.24952381,0.0,19112,0.340057637,0.099047619,0.257142857,0.402985075,0.391666667,0.807619048,0.220238095,0.357798165,0.0,0.0,0.353233831,0.0,0.0,1920.0,76000.0,0.084577114,6.481481481481481
360290038003,1089983.13908,1061556.018,39.233038348082594,47.48424090529354,99.138277581658,0.43431221,0.099099099,23367,0.070588235,0.095744681,0.317629179,0.21942446,1.0,0.846504559,0.0,0.529616725,0.031358885,0.0,0.370503597,0.0,0.016717325,1920.0,41000.0,0.284172662,16.8141592920354
360290014042,1074231.23714,1051936.64192,39.02439024390244,40.80273410242887,109.52033695441555,0.339366516,0.0,13327,0.477011494,0.285067873,0.180995475,0.253424658,0.0,0.972850679,0.0,0.153374233,0.518404908,0.0,0.171232877,0.0,0.0,1989.0,131000.0,0.623287671,10.365853658536585
360290164002,1076765.04222,1047930.1863,35.68075117370892,50.9855405889531,121.10360560292234,0.101867572,0.091205212,40163,0.300952381,0.278438031,0.0,0.322751323,0.0,0.417657046,0.040747029,0.511952191,0.089641434,0.0,0.365079365,0.042328042,0.010186757,1900.0,45000.0,0.185185185,17.84037558685446
360290008003,1086091.84391,1037697.9843,31.0,35.53628297000514,153.00945566257653,0.169237962,0.072131148,31125,0.068711656,0.124357176,0.205236092,0.215946844,0.246153846,0.203833567,0.0,0.601075269,0.011827957,0.0,0.695459579,0.0,0.032725573,1920.0,114000.0,0.03654485,4.4
360290071031,1067154.70543,1056242.37678,35.43307086614173,48.180863526888885,97.41642822728107,0.229299363,0.0,40398,0.030701754,0.054140127,0.0,0.042372881,0.0,0.197452229,0.0,0.104166667,0.101190476,0.0,0.072033898,0.0,0.0,1900.0,194000.0,0.190677966,13.385826771653544
360290171001,1062837.38453,1066882.33072,40.11627906976744,50.14182197638893,80.75051678987793,0.538167939,0.155963303,20461,0.330808081,0.039440204,0.292620865,0.1,1.0,0.683206107,0.0,0.287234043,0.212765957,0.0,0.356,0.0,0.0,1890.0,72000.0,0.24,8.13953488372093
360290031003,1074127.51204,1057015.55338,27.63819095477387,41.198270048410464,97.48558989459464,0.040345821,0.0,45621,0.151975684,0.126801153,0.051873199,0.035211268,1.0,0.636887608,0.027355623,0.19843342,0.140992167,0.0,0.440140845,0.0,0.031700288,1900.0,54000.0,0.281690141,5.527638190954774
360290171004,1065259.3164,1065302.67889,52.03619909502263,58.43553053532363,85.74636909618981,0.073667712,0.0,24276,0.416901408,0.086206897,0.39184953,0.269230769,0.0,0.536050157,0.035897436,0.549019608,0.0,0.0,0.427884615,0.096153846,0.0,1900.0,76000.0,0.278846154,5.88235294117647
360290166003,1078333.15146,1056384.03271,32.972972972972975,36.76757045432614,106.35345546017264,0.448609432,0.179039301,17066,0.076923077,0.160822249,0.174123337,0.368737475,1.0,1.0,0.0,0.516441006,0.0,0.0,0.571142285,0.0,0.0,1900.0,24000.0,0.412825651,9.72972972972973
360290163001,1079970.70056,1047236.79029,43.609022556390975,48.46298065065279,128.09720653325684,0.549132948,0.472222222,13414,0.140243902,0.098265896,0.271676301,0.712280702,0.722222222,0.306358382,0.008941878,0.557863501,0.0,0.026706231,0.421052632,0.0,0.0,1900.0,36000.0,0.456140351,7.518796992481203
360290071023,1068342.98696,1054522.11536,53.23741007194245,72.38750274383551,98.91572465219402,0.429042904,0.119760479,26021,0.221461187,0.087458746,0.143564356,0.123376623,0.747126437,0.737623762,0.325663717,0.030395137,0.255319149,0.0,0.292207792,0.0,0.0,1900.0,182000.0,0.334415584,15.107913669064748
360290001103,1077492.31163,1036704.66481,46.31147540983606,32.05469520577678,138.3112446844191,0.12890625,0.035519126,21980,0.136915078,0.180989583,0.21875,0.221864952,0.833333333,0.177083333,0.0,0.664251208,0.0,0.0,0.540192926,0.0,0.0,1910.0,63000.0,0.07073955,11.065573770491802
360290070003,1064782.82718,1058402.68944,43.93305439330544,50.34494506468187,88.35692069672908,0.020853081,0.050724638,27940,0.108910891,0.090452261,0.280569514,0.233944954,0.406153846,0.61641541,0.0639481,0.284294235,0.0,0.0,0.419724771,0.0,0.119765494,1899.0,144000.0,0.220183486,9.205020920502092
360290002004,1082210.01818,1039865.81208,29.518072289156628,39.11887671787365,142.071,0.10757315,0.029508197,23291,0.217948718,0.100688468,0.2616179,0.340425532,0.605263158,0.342512909,0.0,0.516129032,0.0,0.090725806,0.376595745,0.0,0.0,1925.0,68000.0,0.229787234,9.036144578313252
360290044013,1089225.17321,1069492.83338,33.98692810457516,71.32427133001877,86.51265695847704,0.252407501,0.011730205,27913,0.065420561,0.177901673,0.216421693,0.439450687,0.700712589,0.876837304,0.021917808,0.597307222,0.014687882,0.0,0.601747815,0.0,0.0,1940.0,58000.0,0.220973783,11.328976034858387
360290071043,1066341.26086,1054661.19904,37.5,50.3173911895901,97.64666211725353,0.80495356,0.0,12450,0.274305556,0.349845201,0.077399381,0.913461538,1.0,0.854489164,0.383900929,0.336538462,0.341346154,0.0,0.067307692,0.0,0.040247678,1900.0,76500.0,0.663461538,9.375
360290033012,1077985.02062,1063841.22137,48.08362369337979,46.993369664121126,95.4643,0.180041152,0.063291139,43770,0.288762447,0.327160494,0.134773663,0.277310924,0.225806452,0.933127572,0.084862385,0.700917431,0.034862385,0.0,0.722689076,0.0,0.0,1900.0,55000.0,0.289915966,12.54355400696864
360290041004,1089638.61005,1066146.80478,42.572062084257205,74.56772515157925,93.52299891122784,0.112535613,0.039630119,32434,0.180469716,0.150997151,0.185185185,0.370300752,0.219895288,0.946581197,0.010542169,0.373722628,0.0,0.026277372,0.426691729,0.071428571,0.0,1926.0,56000.0,0.133458647,15.521064301552109
360290028021,1084688.53462,1057442.61856,50.16835016835017,52.00525587303884,110.42990126647224,0.359726295,0.092,17134,0.202702703,0.069158879,0.26635514,0.302816901,0.703125,0.862616822,0.101577909,0.441176471,0.034926471,0.0,0.215962441,0.035211268,0.100934579,1910.0,30000.0,0.230046948,15.488215488215488
360290057001,1064283.93109,1075141.66472,70.70707070707071,40.315253509128,72.86600178390593,0.798722045,0.0,8725,0.248201439,0.039936102,0.47284345,0.391304348,1.0,0.931309904,0.308394161,0.106122449,0.359183673,0.0,0.113043478,0.104347826,0.0,1920.0,62000.0,0.817391304,16.161616161616163
